行,id,keep,drop_reason,text
1,0006_9498bb_0000,1,,"接下来我们就学习一下另外一个关系代词，as,这个关系代词相对来说比较特殊。"
2,0006_9498bb_0001,1,,首先，as这个关系代词，它最经常出现在非限定性定语从句中，经常会作为非限定定语从句的引导词而出现。
3,0006_9498bb_0002,1,,其次，这个关系代词最常见的使用方式并不是代指某个先行词，也就是说它并不是单独代指某个对象。
4,0006_9498bb_0003,1,,而是代指一整个句子，也就是说 as所代替的一般是整件事情，而非单独某个对象。
5,0006_9498bb_0004,1,,大多数情况下，as所代替的一般情况下就是整个句子中的主句。
6,0006_9498bb_0005,1,,在定语从句中， as主要被翻译为正如。
7,0006_9498bb_0006,1,,"例如下面这个句子As is reported, the number of smokers has dropped by 50 percent in just one year。在这个句子中，as作为一个关系代词"
8,0006_9498bb_0007,1,,他所带着的信息就是在仅仅一年之内，吸烟者的数量就下降了50%这件事情。
9,0006_9498bb_0008,1,,再比如说这个例句，as就是代指Frank is one of the most valuable players这件事情。
10,0006_9498bb_0009,1,,其实通过以上这两个句子，我们就可以看出as所代替的先行词其实就是整个主句。
11,0006_9498bb_0010,1,,在这里，先行词所代替的信息就是主句所表达的整个事情。
12,0006_9498bb_0011,1,,但是除了 as这个关系代词以外，which其实也可以代替整个句子。
13,0006_9498bb_0012,1,,但是如果我们使用关系代词which来代替整个句子，那么它所表达出来的意义和语气跟as完全不一样。
14,0006_9498bb_0013,1,,当我们使用关系代词as来代替一整句话的时候，它更多所表达的是一种期待和期盼。
15,0006_9498bb_0014,1,,就比如说在刚才的这个例句中，我们使用 as来代替 frank是最有价值的玩家之一这件事情。
16,0006_9498bb_0015,1,,"形成了定语从句As We Know,它所表达的意思就是正如我们所知道的"
17,0006_9498bb_0016,1,,说白了，就是在这件事情出现和发生之前，我们的内心本身就有这么一个期待和预期，知道这件事情可能会发生。
18,0006_9498bb_0017,1,,而这件事情的发生只是对应了我们内心最初的期待和预测。
19,0006_9498bb_0018,1,,就好像Frank被评为最有价值的玩家之一，我们早就知道这件事情会发生一样，表达了现有的这个结果和我们内心原本的预期处于一致的这么一种状态。
20,0006_9498bb_0019,1,,"但是如果我们把关系代词 as换成 which,那么定语从句就变成了 which we know,"
21,0006_9498bb_0020,1,,这个定语从句所表达的意思仅仅只是表示我们知道这件事，只是在表述我们已经知道这个结果了。
22,0006_9498bb_0021,1,,which这个关系代词它所起到的作用只是用来代替这个结果，而which we know只是想表达我们已经知道了这个结果。
23,0006_9498bb_0022,1,,但是这句话并没有表达出我们本身有这种预期，或者提前内心就能感觉到这件事情会发生，只是单纯的在陈述我们知道了这件事。
24,0006_9498bb_0023,1,,"再比如说第一个例句，如果我们把关系代词as换成which,那就是which is reported。"
25,0006_9498bb_0024,1,,但是在这个地方，我们首先需要先做一件事情。
26,0006_9498bb_0025,1,,因为which所引导的定语从句，它的位置不能够放在主句的前面，只有as所引导的定语从句才能够放在主句的前面。
27,0006_9498bb_0026,1,,所以在这个地方，我们需要先把定语从句which is reported放到主句的后面。
28,0006_9498bb_0027,1,,"如果说在这里我们把关系代词换成which,那么那种预期或者是预测的语气就没有了，我们也不会把这个定语从句翻译成正如所报道的那种预期型预测型语气。"
29,0006_9498bb_0028,1,,使用 as就好像我们还没有读到这个报道，但是我们就能够感觉到这个报道会报道出跟我们预想中差不多的结果。
30,0006_9498bb_0029,1,,但是如果使用which的话，那么定语从句which is reported只是在陈述这件事情已经被报道了。
31,0006_9498bb_0030,1,,这个定语从句所表达的语气和意思完全没有那种期待性和预测性。
32,0006_9498bb_0031,1,,他只是在简单地陈述这件事情被报道了，只是在陈述一个事实和结果。
33,0006_9498bb_0032,1,,好，以上就是关系代词as在非限定性定语从句中的主要使用方法。接下来我们看一下，如果在限定性定语从句中，关系代词as的使用方法会是什么样子。
34,0006_9498bb_0033,1,,如果说as要引导限定性定语从句的话，那么第一种情况就是先行词的前面有such这个词，也就是说当先行词被such这个词进行修饰和限定的时候。
35,0006_9498bb_0034,1,,那么关系代词要统一使用 as。
36,0006_9498bb_0035,1,,比如说这个句子，He's a doctor who everyone respects。在这个句子里面，先行词就是a doctor。
37,0006_9498bb_0036,1,,定语从句就是who everyone respects。如果我们在这个句子的先行词a doctor前面加上一个such的话，那么我们就需要把定语从句中的关系代词who改成as。
38,0006_9498bb_0037,1,,这个句子翻译成中文，就是它是那种人人都会尊重的医生，相比于原来的句子，这个句子更加突出人物的类型，强调这个医生是受人尊重的那类人。
39,0006_9498bb_0038,1,,所以说such as这个句型主要想表达的意思就是说明先行词是什么样的种类。
40,0006_9498bb_0039,1,,是属于哪种类型的人或者是哪种类型的事物，更加突出和强调人或者是事物的类型。
41,0006_9498bb_0040,1,,"当然在某些情况下，这个句型的关系代词偶尔也会使用who,但是非常少见。这种情况，主要出现在口语和非正式的文稿中。"
42,0006_9498bb_0041,1,,但是最正确的用法还是使用as来做定语从句的关系代词。
43,0006_9498bb_0042,1,,以上就是当先行词是人的时候，such as句式的使用方法。如果先行词是物的话，那么such as这个句式的使用方法也完全一样，没有任何区别。
44,0006_9498bb_0043,1,,例如在下面这个句子中，如果我们在先行词a phone的前面加上such的话，那么定语从句中关系代词that就需要换成as。
45,0006_9498bb_0044,1,,整个句子想要表达的意思就是，这是我以前从未用过的那种类型的手机，着重、突出和强调这个手机的类型非常的罕见。
46,0006_9498bb_0045,1,,除了以上这种情况，我们需要使用关系代词as以外。
47,0006_9498bb_0046,1,,另外一种我们需要在限定性定语从句中使用关系代词as的情况，就是当先行词被the same进行修饰和限定的时候。
48,0006_9498bb_0047,1,,"例如这个句子，This is the phone which Peter bought last month。在这个句子中，先行词就是phone,手机。如果现在我们在phone的前面加上一个形容词same,那么关系代词which就得换成as。"
49,0006_9498bb_0048,1,,整个句子想要表达的意思就是这款手机和Peter上个月买的手机是同一款。
50,0006_9498bb_0049,1,,大家注意一下，这个句子里面的手机并不是同一个手机，而是两个不同的手机，但是它们的款式和型号相同。
51,0006_9498bb_0050,1,,但是如果我们想要表达的是同一个手机的话，也就是说这个句子里面的手机就是Peter上个月买的那个手机。
52,0006_9498bb_0051,1,,那我们需要做的一件事情就是换掉从句中的关系代词，把 as换成 that。
53,0006_9498bb_0052,1,,那这个新的句子想要表达的意思就是这个手机和Peter上个月买的那个手机，它就是同一个手机，也就是说物理上它们是同一个对象。
54,0006_9498bb_0053,1,,如果先行词是人的话，那么the same as这个句式所表达的意思和之前没有任何的区别。比如说这个例句，
55,0006_9498bb_0054,1,,就是想表达这个医生和我父亲之前所咨询过的医生，他们都是同一种类型的医生。有可能他们都是外科医生，也有可能都是内科医生，但是他们并不是同一个医生。
56,0006_9498bb_0055,1,,如果想要表达我父亲前后咨询的都是同一个医生的话，也就是说同一个人的情况下，
57,0006_9498bb_0056,1,,那我们需要把这个定语从句中的 as换成 that。
58,0006_9498bb_0057,1,,换成 that之后就表示我父亲前后咨询的医生都是同一个人。
59,0006_9498bb_0058,1,,这里提醒大家一下，如果我们想要表达先行词前后都是同一个对象，那么关系代词只能使用 that。
60,0006_9498bb_0059,1,,其他的关系代词不能被使用，如果要表示的是同一种类型或者是同一种款式的话，那我们就需要使用关系代词as。
61,0006_9498bb_0060,1,,但是按照当今英文母语者的使用习惯来看的话，
62,0006_9498bb_0061,1,,The same as这个句式更多适用于当先行词是物的时候，用来表示是同一类物品。
63,0006_9498bb_0062,1,,但是如果先行词是人的话，想要表达是同一种类型人的情况下，那这个句式它正在被慢慢的淘汰。
64,0006_9498bb_0063,1,,the same as这个知识点曾经是出现在我们教科书里面的内容。
65,0006_9498bb_0064,1,,以前经常会作为一个语法的考点去考这个内容，但是现在相对来说这种使用方式已经比较少见了。
66,0006_9498bb_0065,1,,毕竟语法的使用要和现实生活能够结合起来才有意义，僵化而又死板的使用规则必然会被慢慢的淘汰。
67,0006_9498bb_0066,1,,好，以上所有这些就是关系代词as的主要内容，接下来我们学习一下最后一个关系代词，whose。
68,0006_9498bb_0067,1,,其实严格意义上来说，whose不应该叫做关系代词，最精准的名称应该叫做关系形容词性物主代词。
69,0006_9498bb_0068,1,,为什么这么说？因为whose本身所拥有的属性并不是代词，而是形容词，准确来说应该叫归属性形容词。
70,0006_9498bb_0069,1,,"那归属性形容词到底是什么样的词呢？就是类似于my, his, her。"
71,0006_9498bb_0070,1,,"这种表示物品归属的形容词。就比如说my book,这个book的前面有一个my,被my这个形容词所修饰，那我们就能够知道这本书是我的。"
72,0006_9498bb_0071,1,,所以说这种形容词就叫做归属性形容词，平时我们的教材里面又管这类词叫做形容词性物主代词。
73,0006_9498bb_0072,1,,包括名词所有格，它所起到的作用也是一样的，其实也属于归属性形容词，就比如说Tony's scissors。
74,0006_9498bb_0073,1,,所表达的意思就是想说这把剪刀是属于Tony的，而whose的主要作用就是在从句中去代替这类词，也就是归属性形容词。
75,0006_9498bb_0074,1,,"就比如说这两个句子，I know that person, his son is a famous writer.如果我们想把这两个句子合并成一个句子的话，那么就得必须把其中一个句子变成一个从句。"
76,0006_9498bb_0075,1,,或者直接用and来连接这两个独立的句子。但是用and来连接并没有改变这两个句子的实质，因为看上去还是两个句子，只是用and简单的将它们连接了起来。
77,0006_9498bb_0076,1,,所以说，将它们合并成一个句子最好的方式，就是把后面的句子变成一个从句。
78,0006_9498bb_0077,1,,那既然是要变成从句，那我们就得找到合适的引导词。
79,0006_9498bb_0078,1,,"而第二个句子的句首它是一个归属性形容词his,那当我们看到这个his的时候，就有了一个把它变成定语从句的契机。"
80,0006_9498bb_0079,1,,因为我们刚刚学过，whose作为定语从句的引导词，有一个很重要的作用，那就是代替归属性形容词。但是使用whose这个引导词还得有一个前提。
81,0006_9498bb_0080,1,,那就是必须要有先行词，毕竟在这个地方，whose所引导的从句，它将会是一个定语从句。
82,0006_9498bb_0081,1,,而定语从句的本质就是一个形容词，所以说它必须要有一个能够修饰的对象，也就是所谓的先行词。
83,0006_9498bb_0082,1,,只有这个样子，我们才有一个合理的理由去把后面的这个句子转变成一个定语从句。
84,0006_9498bb_0083,1,,而想要成为被whose定语从句所修饰的对象，也就是whose定语从句的先行词，必须要满足这么一个条件。
85,0006_9498bb_0084,1,,那就是这个被修饰的对象必须要和whose所搭配的那个名词，他们之间的关系必须是从属关系。
86,0006_9498bb_0085,1,,也就是说whose后面所紧跟着的那个名词必须是先行词的某个东西。比如说这个例句，I have a pen whose cap is red.
87,0006_9498bb_0086,1,,"在这个句子里面，先行词是pen,而先行词pen跟引导词whose后面的cap"
88,0006_9498bb_0087,1,,它们之间的关系就是从属关系，也就是说这个cap笔帽它是属于pen钢笔的一个部件。
89,0006_9498bb_0088,1,,好，基于这个标准，那我们再重新观察一下之前的句子。
90,0006_9498bb_0089,1,,非常明显的是在前一个句子里面有一个名词完全符合条件，那就是that person。
91,0006_9498bb_0090,1,,"因为that person和紧跟在his后面的son,他们之间的关系是从属关系，所以that person完全符合成为先行词的条件。"
92,0006_9498bb_0091,1,,"那在这种情况下，我们就可以把his这个归属性形容词直接换成whose,然后后面的这个句子就变成了一个定语从句，whose son is a famous writer?"
93,0006_9498bb_0092,1,,最后一步，我们只需要把所造出来的定语从句放到先行词的后面即可，也就是that person的后面。最终我们就把这两个句子合并成了一个句子，I know that person whose son is a famous writer.
94,0006_9498bb_0093,1,,好，我们现在从头到尾回顾一下整个流程。
95,0006_9498bb_0094,1,,将上面这两个句子合并成一个句子的过程，需要满足三个条件。
96,0006_9498bb_0095,1,,第一个条件就是必须要有一个词，它能够代替所有的归属性形容词。第二个条件就是在前一个句子里面必须要有一个可以成为先行词的名词。
97,0006_9498bb_0096,1,,最后一个必然的条件，就是能够代替所有归属性形容词的这个词，它必须得是一个定语从句的引导词。
98,0006_9498bb_0097,1,,只有同时满足以上这三个条件，我们才能够把后面的这个句子变成一个定语从句，然后将上面这两个句子合并成一句话。
99,0006_9498bb_0098,1,,接下来，我们就详细的观察和分析一下这个句子。我们会发现，定语从句的引导词，whose
100,0006_9498bb_0099,1,,"在这个地方所起到的作用，就是代替了原本句子中的his,而his所想表达的意思就是那个人的，也就是that person's。"
101,0006_9498bb_0100,1,,这变相，也就是说whose所表达的意思，就是that person
102,0006_9498bb_0101,1,,而that person在这个地方，它就是先行词，所以whose所表达的意思就是先行词的这么一个归属性形容词，也就是说那个人的。
103,0006_9498bb_0102,1,,所以说如果我们想要还原定语从句，也就是说写出这个定语从句的原型，
104,0006_9498bb_0103,1,,"说白了，就是去还原定语从句引导词whose所代替的那个对象，换句话说就是把whose还原成that person's,那这个定语从句的原型就是that person's son is a famous writer。"
105,0006_9498bb_0104,1,,通过把定语从句还原成原型的这种操作，我们就能够对定语从句有一个更加清晰和直白的了解。而把定语从句还原成原型的这个过程，
106,0006_9498bb_0105,1,,其实就是把定语从句引导词所代替的那个对象还原出来的过程。
107,0006_9498bb_0106,1,,好，从头到尾对这个定语从句，所有的事情我们基本上都已经做完了，但是好像还少了一个环节，那就是把它翻译成中文。
108,0006_9498bb_0107,1,,如果说我们要把这个定语从句翻译成中文的话，那么可以有两种翻译。第一种翻译就是以形容词的方式来进行翻译，也就是说我们要把这个定语从句翻译成一个形容词。
109,0006_9498bb_0108,1,,把定语从句翻译成形容词之后，用翻译出来的这个形容词去修饰前面的先行词。
110,0006_9498bb_0109,1,,所以说第一件我们需要做的事情就是先把这个定语从句把它翻译为合适的中文，把这个定语从句翻译成中文之后，那就是他的儿子是一个著名的作家。
111,0006_9498bb_0110,1,,当前看来这个定语从句是已经被翻译成了中文，但是这样翻译对吗？在回答这个问题之前，我们先来回顾一下定语从句的本质。
112,0006_9498bb_0111,1,,根据我们之前所学过的内容，定语从句的本质它是一个具有句子结构的形容词。
113,0006_9498bb_0112,1,,也就是说我们在去把它翻译为中文的时候，需要把这个定语从句翻译成一个形容词。而当前翻译出来的结果呢，我们只能够看出来他是一个句子，他的儿子是个著名的作家。
114,0006_9498bb_0113,1,,也就是说，我们并没有把它翻译成一个形容词。那这样的话，按照精准翻译来说，那这种翻译方式就是错的。
115,0006_9498bb_0114,1,,所以说我们现在需要做一件事情，在这个句子的后面加上一个白勺的，那它的属性就对应起来了，就变成了一个形容词。
116,0006_9498bb_0115,1,,所以我们把定语从句翻译出来的形容词按照中文的语序，需要把它放到形容词要修饰的这个对象的前面，也就是that person的前面，而that person则翻译为那个人。
117,0006_9498bb_0116,1,,然后我们把这个形容词放到那个人的前面，那我们基本上就完成了对这个句子的翻译。他的儿子是一个著名作家的那个人。
118,0006_9498bb_0117,1,,"接下来，我们再把前面的I know,我认识放到最前面，那我们就完成了对这个句子的精准翻译。"
119,0006_9498bb_0118,1,,那就是我认识儿子是著名作家的那个人。
120,0006_9498bb_0119,1,,像以上这种翻译方式就是我们按照语法的规则必须要把定语从句翻译成对应的形容词的精准翻译。
121,0006_9498bb_0120,1,,因为直白精准的翻译和比较通顺的翻译，它是两种不同的翻译方式，是两种不同的情况。
122,0006_9498bb_0121,1,,如果我们按照说话习惯和让整个翻译更加通顺的方式来翻译整个句子的话，那我们就可以直接按部就班的来翻译这个英文。翻译出来就是我认识那个人，他的儿子是个著名的作家。
123,0006_9498bb_0122,1,,好，以上就是当先行词是人的时候，定语从句引导词，whose的正确使用方法。如果先行词是物的情况下，那么使用方式也是一样的。
124,0006_9498bb_0123,1,,就比如说这两个句子，This is the house we fixed its window.那如果说我们想把这两个句子也合并成一句话，
125,0006_9498bb_0124,1,,那么第一步我们需要做的还是需要找到后面这个句子里面的归属性形容词，也就是its这个词，然后再把它转化为定语从句引导词，whose。
126,0006_9498bb_0125,1,,转换之后，那后面的这个句子就变成了we fixed whose window。但是，whose它是一个定语从句的引导词。
127,0006_9498bb_0126,1,,而引导词最重要的一个特点，那就是必须放到从句的句首。所以说我们把its转变为whose之后，我们需要做的一件事情，
128,0006_9498bb_0127,1,,就是把whose window一起提前到句子的最前面，也就是说放到主语we的前面。
129,0006_9498bb_0128,1,,在这里大家需要注意的是，我们一定要把whose和window一起放到句子的最前面。
130,0006_9498bb_0129,1,,因为定语从句引导词whose的本质，它只是一个归属性形容词，并不能单独使用。
131,0006_9498bb_0130,1,,所以说他必须要和他所修饰的对象window作为一个整体一起放到这个句子的最前面。
132,0006_9498bb_0131,1,,接下来我们需要做的就是把我们所造出来的这个定语从句放到先行词the house的后面。
133,0006_9498bb_0132,1,,使用whose这个定语从句引导词的时候，判断谁是先行词最快的方法，我们之前已经讲过了。
134,0006_9498bb_0133,1,,就是查看哪个名词和window之间的关系是从属关系。那在前面这个句子里面，很明显就是the house。
135,0006_9498bb_0134,1,,因为这个窗户是属于这个房子的一部分，所以说它们之间的关系就是从属关系，也就是说这个窗户它本身就是属于这个房子的一部分。
136,0006_9498bb_0135,1,,非常简单的一个判断方法，就是我们直接在先行词house的后面加上一个白勺的。
137,0006_9498bb_0136,1,,然后去跟这个window放在一起，看看逻辑是否通顺。
138,0006_9498bb_0137,1,,把它们单独放在一起，就是这个房子的窗户。
139,0006_9498bb_0138,1,,那很明显，这个语义是非常通顺的。那通过这种方式，我们就能够非常精准地判断出这个定语从句所修饰的那个对象，也就是先行词，就是the house。
140,0006_9498bb_0139,1,,如果我们把这个定语从句也翻译成中文呢？
141,0006_9498bb_0140,1,,如果要按照绝对精准的翻译来翻译的话，也就是说我们必须要把这个定语从句翻译成一个形容词的话，那就是这是我们修好了窗户的那个房子。
142,0006_9498bb_0141,1,,如果想把它翻译的相对来说更加通顺一些呢，我们就可以直接把它翻译成这是那个房子，我们修好了它的窗户。
143,0006_9498bb_0142,1,,关于这两个例句的句子成分分析呢，在这里也给大家整理好了，大家可以暂停自行观看。以上就是定语从句引导词，whose的主要内容。接下来我们开始学习一下关系副词。
144,0007_d8ade5_0000,1,,which除了能够在定语从句中做主语和宾语以外，还可以做从句的表语。
145,0007_d8ade5_0001,1,,但是which在定语从句中做表语的情况相对来说比较特殊。
146,0007_d8ade5_0002,1,,我们会在学习关系代词that的时候来讲解这个知识点。好，那接下来我们先来了解一下which和who这两个关系代词的主要区别是什么。
147,0007_d8ade5_0003,1,,关系代词which的使用方法其实和who的使用方法并没有什么太大的区别。
148,0007_d8ade5_0004,1,,两者最主要的区别，就是当先行词是物的情况下，
149,0007_d8ade5_0005,1,,那么定语从句中的关系代词需要使用which，比如说这个例句，他们正在玩的这款游戏很有趣。
150,0007_d8ade5_0006,1,,造这个句子的过程和之前的方法完全一样。但是在这个句子中，先行词是个物，游戏。
151,0007_d8ade5_0007,1,,所以我们需要选择一个能够代替物的关系代词，那就是which。
152,0007_d8ade5_0008,1,,我们把这个句子翻译成英文，那就是The game which they are playing is interesting.
153,0007_d8ade5_0009,1,,"我们会发现在这个定语从句里面使用的关系代词是which,而不再是who或者是whom。"
154,0007_d8ade5_0010,1,,其根本原因就是先行词the game并不是一个人，而是一个物。
155,0007_d8ade5_0011,1,,所以说在这个地方的关系代词，我们必须要使用能够代替物的关系代词，which。
156,0007_d8ade5_0012,1,,并且在这个句子中，关系代词which在定语从句中所作的句子成分是宾语。
157,0007_d8ade5_0013,1,,所以说关系代词which在这个定语从句中是可以被省略掉的。关系代词which被省略掉之后，那这个句子就变成The game that I play is interesting.
158,0007_d8ade5_0014,1,,再比如说这个句子，他居住的城市很远。翻译成英文就是The city which she lives in is far away.
159,0007_d8ade5_0015,1,,在这个句子里面定语从句的关系代词，我们也使用了which。
160,0007_d8ade5_0016,1,,"其根本原因就是这个定语从句所修饰和限定的先行词是City,是一个代指物的名词。但是如果我们把关系代词which还原成先行词，"
161,0007_d8ade5_0017,1,,然后把它放回正确的位置，将这个定语从句还原成它的原型之后，我们会发现the city和介词in构成了一个介词短语in the city。
162,0007_d8ade5_0018,1,,我们现在回想一下which能够做的一个句子成分。
163,0007_d8ade5_0019,1,,就是当which这个关系代词在定语从句中去做介词宾语的时候，它可以被条件性省略。
164,0007_d8ade5_0020,1,,那为什么是条件性省略呢？因为which也可以和介词一起提前到定语从句的句首。
165,0007_d8ade5_0021,1,,并且一旦介词和which一起提前到了定语从句的最前端。那么在这种情况下，which即使做了介词宾语，那它也无法被省略。
166,0007_d8ade5_0022,1,,"这个时候，如果我们把定语从句原型中的先行词the city重新换成关系代词which,那么in the city就变成了in which。"
167,0007_d8ade5_0023,1,,而且in which在这里可以作为一个整体提前到定语从句的句首。
168,0007_d8ade5_0024,1,,并且此时的which是没有办法被省略的，因为当关系代词和介词一起被提前到定语从句最前端的时候，
169,0007_d8ade5_0025,1,,关系代词无法被省略，即使它做的句子成分是介词宾语。
170,0007_d8ade5_0026,1,,但是如果我们只是单独把关系代词which放在定语从句句首的话，那么这个which是可以直接被省略掉的。
171,0007_d8ade5_0027,1,,即使which所作的句子成分是介词宾语，只要which它并没有和介词一起提前到定语从句的句首，那么它就可以被省略。
172,0007_d8ade5_0028,1,,所以说如果我们要把她居住的这个形容词造成定语从句，会有三种形式的定语从句。第一种就是我们把in和which一起放到从句句首的定语从句。
173,0007_d8ade5_0029,1,,第二种就是单独只把which提前到句首的定语从句。
174,0007_d8ade5_0030,1,,第三种就是我们省略掉关系代词which的定语从句。
175,0007_d8ade5_0031,1,,这三个定语从句，不论我们用哪一个，它所对应的中文意思都是它所居住的这个形容词。
176,0007_d8ade5_0032,1,,并且我们需要额外注意的是，当先行词是物的时候，只有which能够和介词一起提前到定语从句的句首。
177,0007_d8ade5_0033,1,,如果我们现在要对这个定语从句来进行一个句子结构分析的话，
178,0007_d8ade5_0034,1,,那我们需要做的第一件事情，就是先把in which放回到它原来的位置，也就是lives的后面。
179,0007_d8ade5_0035,1,,然后我们再去分析整个句子里面的句子成分。只有这样我们才能够最大程度的去避免在分析句子结构的时候去犯错。
180,0007_d8ade5_0036,1,,好，接下来我们看一下最后一个句子，桌子上有些坚果Lucy买的，我们会发现这个句子有些特殊。
181,0007_d8ade5_0037,1,,因为这个句子里面的定语，Lucy买的并没有直接去修饰和限定先行词坚果，而是直接放到了主句的后面。
182,0007_d8ade5_0038,1,,并且有一个逗号将主句和从句进行了分割。
183,0007_d8ade5_0039,1,,因为这个从句如果修饰和限定了先行词坚果的话，那么Lucy买的这个形容词应该放在坚果的前面，按理说中文的语序应该是这个样子，桌子上有些Lucy买的坚果。
184,0007_d8ade5_0040,1,,翻译成英文就是There are some nuts which Lucy bought on the table.
185,0007_d8ade5_0041,1,,但是在原本的句子中，Lucy买的这个定语只是起到了对先行词坚果的补充作用。
186,0007_d8ade5_0042,1,,并没有对先行词坚果进行修饰和限定。所以说这个句子如果翻译成英文，会和我们刚才翻译好的句子不太一样，但是并不会有太大的区别。
187,0007_d8ade5_0043,1,,那这个句子翻译出来就是There are some nuts on the table which Lucy bought.
188,0007_d8ade5_0044,1,,我们会发现这个句子被放到了主句的后面，并且有一个逗号将主句和从句进行了分割。
189,0007_d8ade5_0045,1,,我们把这种放在主句后面并且有逗号分开的定语从句，叫做非限定性定语从句。
190,0007_d8ade5_0046,1,,好，那我们现在就来了解一下限定性定语从句和非限定性定语从句的主要区别。首先在视觉上来看，非限定性定语从句与主句要用逗号去隔开，比如说下面这两个句子。
191,0007_d8ade5_0047,1,,外形上的区别就是第二个句子比第一个句子多了一个逗号，这个逗号的主要作用就是分开主句和从句。
192,0007_d8ade5_0048,1,,如果从功能的角度来看的话，限定性定语从句对先行词起修饰和限定的作用。换句话说就是定语从句是一个修饰先行词的形容词。
193,0007_d8ade5_0049,1,,而非限定性定语从句对先行词并没有修饰和限定的作用。所以说，如果我们要把一个非限定性定语从句翻译成中文的话，并不会把它翻译成一个形容词。
194,0007_d8ade5_0050,1,,比如说下面这个非限定性定语从句，翻译出来就是我有一个姐姐，她是一个医生。
195,0007_d8ade5_0051,1,,这个定语从句只起到了补充和说明的作用，而上面的这个限定性定语从句，翻译成中文则是我有一个当医生的姐姐。
196,0007_d8ade5_0052,1,,限定性定语从句必须要对先行词起到修饰和限定的作用。
197,0007_d8ade5_0053,1,,那接下来我们再通过两个问题来观察一下这两种类型的定语从句到底有什么本质上的区别。
198,0007_d8ade5_0054,1,,第一个问题，你家里有人当医生吗？Is anyone of your family a doctor?面对这个问题，我做出了这样的回答。我有一个当医生的姐姐。翻译成英文就是I have a sister who is a doctor.
199,0007_d8ade5_0055,1,,在这个回答里面，定语从句who is the doctor必须要起到限定先行词sister属性的作用。要突出我的姐姐必须是一个医生，只有这样才算是正确地回答了这个问题。
200,0007_d8ade5_0056,1,,假如我们把这个句子里面的定语从句who is a doctor这部分给去掉，
201,0007_d8ade5_0057,1,,"只剩下I have a sister,我有一个姐姐，那很明显这是在答非所问，因为句子的意思完全变了，没有办法突出我的姐姐是一个医生。"
202,0007_d8ade5_0058,1,,接下来我们看第二个问题。你有兄弟姐妹吗？Do you have any siblings?
203,0007_d8ade5_0059,1,,在听到这个问题之后，我说了这么一句话，我有一个姐姐，她是一个医生。回答这个问题的主要部分就是我有一个姐姐，I have a sister。
204,0007_d8ade5_0060,1,,因为当我说完这句话的时候，问题就已经得到了正面回答。
205,0007_d8ade5_0061,1,,至于他是不是医生，这并不重要。
206,0007_d8ade5_0062,1,,所以说跟在主句后面的这个非限定性定语从句，不论他是一个医生，还是他是一个老师，或者是其他的职业，都不会对这个问题的答案I have a sister造成任何的影响。
207,0007_d8ade5_0063,1,,因为非限定性定语从句的内容只是对这个答案进行了补充。
208,0007_d8ade5_0064,1,,并没有起到任何修饰和限定的作用。所以说，就算我们去掉了这个句子中的非限定性定语从句，也不会对这个句子想要表达的主要意思造成任何的影响。
209,0007_d8ade5_0065,1,,但是如果我们删除的从句是限定性定语从句，那句子本来想要表达的意思就变了。
210,0007_d8ade5_0066,1,,好以上就是限定性定语从句和非限定定语从句的主要区别。
211,0007_d8ade5_0067,1,,接下来我们学习一下关系代词that的使用方法。
212,0007_d8ade5_0068,1,,首先，that这个关系代词，在定语从句中，不论是主语、宾语还是表语，它都可以去做，并且在大多数情况下，that可以与who whom以及which可以相互替换。
213,0007_d8ade5_0069,1,,"比如说I have a sister who is a doctor,关系代词who就可以换成that。Which they are playing,这个从句里面的关系代词which也可以被that所替换。"
214,0007_d8ade5_0070,1,,但是有两种情况关系代词that被禁止使用。第一种情况就是that无法去做非限定性定语从句的关系代词。简单点来说就是关系代词that无法紧跟在逗号的后面。
215,0007_d8ade5_0071,1,,例如这个句子，who is the doctor是这个句子里面的非限定性定语从句。如果说我们把关系代词who换成that的话，
216,0007_d8ade5_0072,1,,那就相当于我们使用that做了这个非限定性定语从句的关系代词，这样做就会直接导致语法错误，因为that这个关系代词没有办法去引导非限定性定语从句。
217,0007_d8ade5_0073,1,,第二种禁止使用关系代词that的情况，就是关系代词that不能和介词一起提前到定语从句的句首。
218,0007_d8ade5_0074,1,,因为能够这样做的关系代词只有两个，那就是whom和which。
219,0007_d8ade5_0075,1,,"比如说下面这个定语从句中的in which就没有办法被替换成in that,因为in that不能和介词一起被放在定语从句的句首。"
220,0007_d8ade5_0076,1,,以上就是两种关系代词that被禁止使用的情况。
221,0007_d8ade5_0077,1,,但是在某些情况下，我们只能使用关系代词that来做定语从句的引导词。
222,0007_d8ade5_0078,1,,"第一种情况，就是当先行词既包含人又包含物的时候，比如说在这个句子里面，先行词就是the people and things,"
223,0007_d8ade5_0079,1,,"因为有and连接，所以它们被看作为一个整体。既然在这个先行词里面既有人people又有物things,"
224,0007_d8ade5_0080,1,,所以说在这种情况下，我们就需要找到一个关系代词，既可以代替人，也可以代替物。那唯一符合这个条件的关系代词，就只有that。
225,0007_d8ade5_0081,1,,所以说在这种情况下，我们只能使用that来引导后面的定语从句。Let Frank remember in the school.
226,0007_d8ade5_0082,1,,再比如说下面这个句子，先行词就是the old lady and her dog。
227,0007_d8ade5_0083,1,,这个先行词同样也是既包含了人，也包含了物，所以说能够代替这个先行词在定语从句中去做主要成分的关系代词，那就只有that。
228,0007_d8ade5_0084,1,,第二种只能使用that的情况，就是当先行词是物，并且是不定代词的时候。
229,0007_d8ade5_0085,1,,"那什么是不定代词呢？比如说我们经常使用的something, everything, anything等等。"
230,0007_d8ade5_0086,1,,都是非常典型的不定代词，不定代词经常会被用来代替某类事物，但是它不会非常具体的告诉你，代替的到底是什么东西。
231,0007_d8ade5_0087,1,,或者非常具体的告诉你代替的是哪一个对象，比如说这个句子，pick one that you want from these two pens
232,0007_d8ade5_0088,1,,"在这个句子里面，先行词就是one,它是一个不定代词，那这个代词one所代指的东西就是这两个钢笔里面的其中一个。"
233,0007_d8ade5_0089,1,,"但是具体是哪一个我们知道吗？我们并不知道，我们只知道它肯定是这两个里面的其中一个。再比如说下面这个句子里面的先行词something,"
234,0007_d8ade5_0090,1,,它所代替的东西就是甜的，能吃的东西，有可能是蛋糕，也有可能是苹果，还有可能是冰淇淋。
235,0007_d8ade5_0091,1,,那具体是什么我们并不知道，但是我们知道这个东西肯定是甜的，其次就是这个东西他肯定能吃。
236,0007_d8ade5_0092,1,,第三种我们只能使用that的情况就是，当先行词被形容词的最高级所修饰和限定的时候，那么关系代词也需要使用that。
237,0007_d8ade5_0093,1,,"比如说这个句子，在这个句子里面的先行词就是game,被形容词最高级most exciting所修饰和限定。"
238,0007_d8ade5_0094,1,,所以定语从句的关系代词在这个句子里面只能使用that。
239,0007_d8ade5_0095,1,,"包括在下面的这个例句中的先行词person,同样也是被形容词的最高级smartest所修饰和限定。"
240,0007_d8ade5_0096,1,,所以说在后面的这个定语从句中，那我们也只能使用关系代词that来引导这个从句。
241,0007_d8ade5_0097,1,,除了形容词最高级以外，如果先行词被序数词修饰和限定的话，那么关系代词我们也需要统一使用that。例如这个句子，This is the first book that I bought.
242,0007_d8ade5_0098,1,,在这个句子中，先行词book就是被序数词first进行了修饰和限定，所以我们使用了关系代词that来引导了后面的定语从句。
243,0007_d8ade5_0099,1,,"包括下面的这个句子也是同样的道理，定语从句的关系代词只能使用that,因为在这个句子中，先行词student被序数词last进行了修饰和限定。"
244,0007_d8ade5_0100,1,,说白了，序数词本身就是形容词，因为序数词的主要作用就是对一个名词来进行修饰和限定，那这种作用和形容词的作用没有什么区别。
245,0007_d8ade5_0101,1,,所以说序数词其实本身就是形容词的一种类型而已。
246,0007_d8ade5_0102,1,,"好，那接下来我们就看一下第五种只能使用关系代词that的情况。那就是当先行词被only, very, next修饰和限定的时候，我们需要使用that来引导后面的定语从句。"
247,0007_d8ade5_0103,1,,并且大多数情况下，这几个形容词如果去修饰和限定某个名词的话，那么前面一般都会有定冠词the。
248,0007_d8ade5_0104,1,,大家对于only和next的使用都比较熟悉。The only就是表示唯一的，仅有的。The next就是表示下一个。
249,0007_d8ade5_0105,1,,所以这里我们重点讲一下the very如果用来修饰和限定名词的话，那么它的主要意思和作用是什么？
250,0007_d8ade5_0106,1,,"如果我们使用 the very来修饰名词的话，表示正是，就是。比如说这个句子，This is the very book that I wanted.在这个句子里面，very被用来修饰名词 book,"
251,0007_d8ade5_0107,1,,所表达的意思就是说这本书正是我想要的那本书。
252,0007_d8ade5_0108,1,,Very在这个地方起到了一个强调和突出的作用，强调这本书正是或者就是我想要的那本书。
253,0007_d8ade5_0109,1,,再比如说下面这个句子？You are the very person that I was just looking for?所表达的意思就是说你正是我刚刚正在找的那个人。
254,0007_d8ade5_0110,1,,"在这个地方用very来修饰person,以此来突出你正是我要找的那个人。"
255,0007_d8ade5_0111,1,,好，接下来我们看下一个必须使用关系代词的情况。
256,0007_d8ade5_0112,1,,就是当定语从句所修饰的那个名词，也就是先行词的前面有以下限定词的时候，常见的这些限定词在这儿都给大家整理好了。
257,0007_d8ade5_0113,1,,好，那我们就先来了解一下什么叫限定词。
258,0007_d8ade5_0114,1,,限定词它又被称为限定形容词，其主要作用就是限定名词的数量和范围使它们所修饰的这个名词更加的具体和明确。
259,0007_d8ade5_0115,1,,比如说在这个例句中，all所起到的作用就是用来说明从图书馆那里面拿到的所有的图书，它规定了这些图书的数量是所有来自图书馆的图书，并不只是说一部分。
260,0007_d8ade5_0116,1,,"而下面的这两个限定词，every和any,跟all所起到的作用差不多，它们都是覆盖了所有的范围。"
261,0007_d8ade5_0117,1,,因为every是每一个，而any则是任何一个，都是用来包含所有的范围和数量。而下面的这个限定词some就只是表示所有数量的一部分。
262,0007_d8ade5_0118,1,,所以说限定词最主要的作用就是用来确定它所修饰的那个名词的范围和数量。
263,0007_d8ade5_0119,1,,而这个作用则属于形容词属性里面的限定属性。所以为什么我们又把这类限定词统称为限定形容词？其实说白了，它们属于形容词的一个分支，一个种类。
264,0007_d8ade5_0120,1,,所以说他们有一个特定的名称，叫做限定形容词，又简称为限定词。
265,0007_d8ade5_0121,1,,好，接下来我们看一下最后一种只能使用关系代词that的情况。就是如果关系代词在定语从句中要去做表语这个句子成分的时候，
266,0007_d8ade5_0122,1,,在这种情况下，那我们就需要使用that来引导这个定语从句。
267,0007_d8ade5_0123,1,,虽然说偶尔也会出现其他的关系代词在定语从句中做表语这个句子成分，但是最为官方和正统的使用方法就是使用关系代词that来去做定语从句中的表语。
268,0007_d8ade5_0124,1,,如果说关系代词that在定语从句中要去做表语的话，那么整个句子经常会表达出这样的意思。
269,0007_d8ade5_0125,1,,那就是某个人不再是当年的那个某个人了，或者是某物不再是当年的那个某物了。
270,0007_d8ade5_0126,1,,那这种情况就是想说明相同的一个对象前后发生了一个巨大的变化。
271,0007_d8ade5_0127,1,,这就是关系代词that在定语从句中，如果做表语的情况下，最经常表达的一种句式和意思。
272,0007_d8ade5_0128,1,,比如说如果我们想用英文表达士别三日当刮目相看不再是吴下阿蒙那么就可以直接翻译成LvMeng is not the person that he was three days ago
273,0007_d8ade5_0129,1,,并且我们在这里需要注意的是，如果that这个关系代词在限定性定语从句中做了表语这个句子成分的情况下，那么它可以被省略。
274,0007_d8ade5_0130,1,,好，接下来我们再看一个类似的句子，罗马已经不再是几十年前的那座城市了，按照相同的方式就可以翻译成Rome is no longer the city that it was decades ago
275,0007_d8ade5_0131,1,,包括下面这个句子也可以翻译成 your dog is not puppy that it was last year。
276,0007_d8ade5_0132,1,,并且这两个句子中的关系代词that也都可以被省略掉。
277,0007_d8ade5_0133,1,,但是这种情况更多的是出现在口语中。如果是在比较正式和官方的书写中，最好在定语从句中去保留关系代词that，不要去省略。
278,0007_d8ade5_0134,1,,以上这种使用关系代词that做表语的情况，仅限于在限定性定语从句中去使用。
279,0007_d8ade5_0135,1,,如果是在非限定性定语从句中，关系代词要去做表语这个句子成分的情况下，
280,0007_d8ade5_0136,1,,"那我们需要做的一件事就是把that换成which,并且当which在非限定性定语从句中去做表语的时候，"
281,0007_d8ade5_0137,1,,那这个定语从句经常会被翻译为、确实如此、例如这个句子、They called Jason Hero which he truly was、which he truly was又可以被翻译为、而他确实如此。
282,0007_d8ade5_0138,1,,在这里我们需要注意的是，虽然关系代词在定语从句中做了表语这个句子的成分，
283,0007_d8ade5_0139,1,,"但是在这里我们只能使用which,而无法使用that。为什么呢？因为在这个句子里面，which所引导的定语从句"
284,0007_d8ade5_0140,1,,它是一个非限定性定语从句，而that没有办法去做非限定性定语从句的关系代词。
285,0007_d8ade5_0141,1,,再比如说下面这两个例句，我们也是使用了which这个关系代词，在从句中去做表语，并且通过这两个句子我们会发现
286,0007_d8ade5_0142,1,,不论先行词是人还是物，只要是关系代词要在非限定性定语从句中去做表语这个句子的成分，那我们就需要使用关系代词which。
287,0007_d8ade5_0143,1,,并且which做表语和that不太一样的地方在于，that在定语从句中如果做表语的话，它是可以被省略掉的。
288,0007_d8ade5_0144,1,,而which在定语从句中，如果去做表语这个句子成分的话，那么它无法被省略。
289,0007_d8ade5_0145,1,,好，以上就是关于在that和which在定语从句中，如何要去做表语这个句子成分的主要内容。
290,0007_d8ade5_0146,1,,好，到目前为止，在定语从句中，最常见的这几个关系代词，主要内容就是这些。
291,05_27d31c_0000,1,,"关系副词主要有三个，when,where和why。"
292,05_27d31c_0001,1,,关系副词和关系代词最主要的区别就在于关系副词无法在定语从句中去做句子的主要成分，也就是主宾表这三个句子成分。
293,05_27d31c_0002,1,,由此我们可以得出一个结论，关系副词没有办法像关系代词那样直接去代替先行词。
294,05_27d31c_0003,1,,因为先行词它是名词，能够代替名词的只有代词。
295,05_27d31c_0004,1,,这就是为什么代替先行词在定语从句中去做主宾表这三个句子成分的那个引导词，叫做关系代词。
296,05_27d31c_0005,1,,相比之下，关系副词它本身的词性是属于副词。副词的主要作用就是用来修饰和限定动词。
297,05_27d31c_0006,1,,它和代词的作用完全不一样，所以说副词没有办法直接代替名词。既然没有办法直接代替名词，
298,05_27d31c_0007,1,,就等于是在说关系副词无法直接代替先行词。
299,05_27d31c_0008,1,,但是它既然叫关系副词，而且还是定语从句的引导词，那就说明这么一件事。
300,05_27d31c_0009,1,,如果定语从句要和先行词产生联系的话，那么必然要通过关系副词来产生联系。
301,05_27d31c_0010,1,,接下来我们就通过字面意思关系副词这四个字来看看定语从句是怎么通过关系副词和先行词产生的联系。
302,05_27d31c_0011,1,,关系就是说关系副词，它必然会跟定语从句所修饰和限定的这个先行词是有关系的。
303,05_27d31c_0012,1,,"而副词则说明when,where和why这几个关系副词。"
304,05_27d31c_0013,1,,他们在定语从句中所要做的句子成分是状语，因为在绝大多数情况下，副词在一个句子中所做的句子成分就是状语。
305,05_27d31c_0014,1,,那综上来看，关系副词就可能意味着它所代替的内容是一个包含了先行词的状语。
306,05_27d31c_0015,1,,也就是说，如果我们把关系副词所代替的内容还原出来之后，
307,05_27d31c_0016,1,,首先它是一个状语，而且在这个状语里面会有先行词，也就是说第一要有名词，第二还得是状语。
308,05_27d31c_0017,1,,那根据我们当前所学到的知识，我能够想到的最简单的英语结构，那就是介词短语。
309,05_27d31c_0018,1,,因为介词短语里面必然会有名词，而且介词短语经常会在句子中去做状语。
310,05_27d31c_0019,1,,就比如说on Sunday就是时间状语，at school就是地点状语，for the reason则是原因状语。
311,05_27d31c_0020,1,,那我们现在就来做一个假设，那这个假设就是关系副词在定语从句中所代替的内容，其实就是一个包含了先行词的介词短语，然后我们就来验证一下我们这个假设的正确性。
312,05_27d31c_0021,1,,好，那接下来我们就直接先看一个现成的，由关系副词所引导的定语从句。
313,05_27d31c_0022,1,,"我们来看这个例句，That was the year when I started school,中文意思就是那是我开始上学的那一年，定语从句由关系副词when所引导，用来修饰先行词the year。"
314,05_27d31c_0023,1,,根据我们刚才的假设，关系副词所代替的内容就是一个包含了先行词的介词短语。
315,05_27d31c_0024,1,,然后这个介词短语它所起到的作用就是在定语从句的原型句子里面去做状语这个句子成分。
316,05_27d31c_0025,1,,那现在我们就把这个关系副词when还原成一个包含先行词的介词短语那就是 in the year
317,05_27d31c_0026,1,,然后我们就得到了定语从句的原型句子In the year I started school翻译成中文就是在那一年我开始上学了。
318,05_27d31c_0027,1,,仔细阅读一下这个定语从句的原型句子，我们会发现这个句子的语义完全通顺，所表达的逻辑也完全合理。
319,05_27d31c_0028,1,,那这种情况所表达出来的信息也就是在说我们的猜测大概率是正确的。
320,05_27d31c_0029,1,,所以说关系副词在定语从句中所表达的意义其实就是介词和先行词一起构成的介词短语，然后这个介词短语做了状语这个句子成分。
321,05_27d31c_0030,1,,但是这只是其中一个案例的成功，单一案例的成功并不能代表我们的猜测就一定正确。
322,05_27d31c_0031,1,,接下来我们就再做一个实验，看看我们这个假设到底还能不能站得住脚。
323,05_27d31c_0032,1,,好，现在我们来看一下这个语句。Sunday is the day when I can rest at home.
324,05_27d31c_0033,1,,我们还是按照之前的假设，把关系副词when还原成一个包含先行词的介词短语，那就是on the day。
325,05_27d31c_0034,1,,"那原先的定语从句就变成了On the day I can rest at home,由此我们便得到了定语从句的原型句子。"
326,05_27d31c_0035,1,,通读一下这个句子，我们会发现这个句子也是完全通顺，句子意思也是完全符合逻辑的。
327,05_27d31c_0036,1,,所以说通过这次实验再次验证了我们的假设是正确的，也就是关系副词它所代替的内容就是介词和先行词所构成的介词短语。
328,05_27d31c_0037,1,,然后这个介词短语在这个句子中所做的句子成分就是状语。On the day在那一天所做的句子成分就是时间状语，用来表达我能够休息的具体时间。
329,05_27d31c_0038,1,,对休息这个动作进行了一个时间范围上的限定，到此为止我们基本上就可以完全确定关系副词所代替的具体内容其实就是介词和先行词构成的介词短语。
330,05_27d31c_0039,1,,但是，在这个地方，我突然产生了一个疑问，就是假如说，如果我们现在要把这个定语从句的原型，重新给它还原成定语从句。
331,05_27d31c_0040,1,,能不能直接用关系代词去代替这个定语从句里面的这个先行词呢？
332,05_27d31c_0041,1,,也就是说我们不再把 on the day变成关系副词 when而是把先行词 the day直接找到一个合适的关系代词来代替它。
333,05_27d31c_0042,1,,那我们就先来分析一下这个定语从句原型的句子成分。
334,05_27d31c_0043,1,,分析完之后我们会发现the day跟在了介词on的后面做了介词宾语这个句子成分，并且the day的属性属于物。
335,05_27d31c_0044,1,,先行词是物而且做宾语，那我们能够想到的最合适的一个关系代词就是which。
336,05_27d31c_0045,1,,接下来我们就用which来替换掉这个定语从句里面的the day。
337,05_27d31c_0046,1,,那这个定语从句的原型就重新还原成了定语从句On which I can rest at home
338,05_27d31c_0047,1,,根据我们已经学过的知识，介词和关系代词完全可以一起提前到定语从句的句首，并且当先行词是物的时候，
339,05_27d31c_0048,1,,只有关系代词which可以和介词一起提前，所以说这个定语从句完全正确。
340,05_27d31c_0049,1,,既然这个定语从句完全是正确的，那我们由此也可以推断出，关系副词就相当于是介词和关系代词的结合体。
341,05_27d31c_0050,1,,因为关系副词等于介词和先行词的组合，而先行词能够被关系代词所代替。
342,05_27d31c_0051,1,,以此我们可以得出这么一个结论，关系副词同样也等于介词和关系代词的组合。
343,05_27d31c_0052,1,,如果按照这个结论来看的话，那么第一个例句里面的定语从句when I started school就可以转换成in which I started school。
344,05_27d31c_0053,1,,在这个过程中，我们什么都没干，只是把关系副词when换成了in which。
345,05_27d31c_0054,1,,但是我们会发现在这个句子里面，关系代词which的前面这个介词不再是on而是变成了in。为什么会这样呢？因为which前面的介词并不是由which来决定的。
346,05_27d31c_0055,1,,which所起到的作用只是代替先行词。所以说which前面具体要使用什么样的介词，要由先行词来决定。
347,05_27d31c_0056,1,,"之前的那个例句也是一样的道理，因为在这个例句中的先行词是the day,所以我们需要使用介词on来搭配，然后定语从句的最前端就变成了on which。"
348,05_27d31c_0057,1,,所以大家这里需要注意的是，which前面的这个介词是由先行词来决定的，找到正确介词的方式，就是找到能够和这个先行词正确搭配的介词。
349,05_27d31c_0058,1,,好，以上这些内容就是关系副词和先行词的主要联系以及如何转换成which的方式。
350,05_27d31c_0059,1,,到现在为止，关于关系副词和先行词之间的主要转换方式，以及如何把关系副词转换成介词和关系代词的这种组合方式，主要内容就是这些。
351,05_27d31c_0060,1,,好，那接下来我们就尝试一下，如果我们需要用关系副词去造一个定语从句的话，那么具体的造句流程是什么？要以什么样的方式来造出这个定语从句？
352,05_27d31c_0061,1,,好，那我们现在就来造一下这个句子，这就是我长大的那个城市。
353,05_27d31c_0062,1,,要造这个句子，第一步我们最需要做的事情就是先找到这个句子里面的从句。
354,05_27d31c_0063,1,,也就是说翻译成英文之后是定语从句的那部分中文。
355,05_27d31c_0064,1,,那简单点来说呢，就是我们需要找到对应定语从句的那个中文形容词，那要怎么去找呢？这个中文形容词的一个非常明显的特点，那就是它没有办法直接被翻译成英文。
356,05_27d31c_0065,1,,那什么叫做被直接翻译成英文呢？
357,05_27d31c_0066,1,,就比如说开心的这个形容词，我们可以直接从字典中找到它所对应的那个英文就是happy。美味的这个形容词，在英文字典中所对应的英文就是delicious。
358,05_27d31c_0067,1,,但是即将被转换为定语从句的这个中文形容词。
359,05_27d31c_0068,1,,他没有办法在英文字典中直接找到对应的英文，所以说我们才需要使用定语从句去把它造出来。
360,05_27d31c_0069,1,,那根据这个判断标准，我们就能够很轻松的找出要翻译成定语从句的那个中文形容词，那就是我长大的。
361,05_27d31c_0070,1,,然后我们去掉这个中文的形容词，剩余的部分，那基本上就是主句。剩余的部分就是这就是那个城市。然后我们把这个主句翻译成英文，那就是This is the city。
362,05_27d31c_0071,1,,那接下来我们需要做的就是把我长大的这个形容词去翻译成定语从句。
363,05_27d31c_0072,1,,第一件我们需要做的事情就是先去掉我长大的它的形容词属性，让它不再是一个形容词。
364,05_27d31c_0073,1,,因为如果我们要直接翻译我长大的，我们根本没有办法翻译成英文，所以我们必须要先把它转换成句子。
365,05_27d31c_0074,1,,然后再使用定语从句的引导词，将我们造出来的这个句子转变成定语从句。
366,05_27d31c_0075,1,,这就是将中文的形容词转变成定语从句的正确思路。
367,05_27d31c_0076,1,,好，那我们现在就把我长大的它的形容词属性给去掉，那就是直接去掉这个形容词的白勺的，然后就只剩下了我长大这部分内容。
368,05_27d31c_0077,1,,好，那接下来我们需要做的就是去分析一下我长大这部分内容的句子结构，看看它缺不缺构成一个完整句子的主要成分。
369,05_27d31c_0078,1,,说白了，就是我们看一下这个我长大它能不能对应五大基本句型里面的其中一个，能够对应五大基本句型里面的其中一个。
370,05_27d31c_0079,1,,那就说明它是一个完整的句子，就说明它并不缺少主要的句子成分。
371,05_27d31c_0080,1,,因为我们只有在确定这个句子它不缺主要成分，能够构成一个完整句子的情况下，
372,05_27d31c_0081,1,,才能够使用关系副词。如果说我长大这部分内容，它并不是一个完整的句子。
373,05_27d31c_0082,1,,如果因为缺少类似于像主语、宾语或者是表语而无法构成一个完整的句子，
374,05_27d31c_0083,1,,那我们就没有办法使用关系副词，只能使用关系代词去填补这个句子所缺少的主要句子成分。
375,05_27d31c_0084,1,,所以说使用关系副词的前提必须是这个定语从句的原型，它不缺少构成一个完整句子的主要成分。
376,05_27d31c_0085,1,,也就是说即将要变成定语从句的这部分内容，它不会因为缺少主语、宾语或者是表语这三个成分里面的任何一个而构不成一个完整的句子。
377,05_27d31c_0086,1,,那我们接下来就分析一下这个句子的主要成分。好，我们先从谓语开始。我长大里面的谓语就是长大这个动词，翻译成英文就是Grew up。
378,05_27d31c_0087,1,,这是一个不及物动词。主语呢，就是我。整体翻译成英文之后就是I grew up。很明显这是一个完整的句子。
379,05_27d31c_0088,1,,并且这个句子它所对应的句型就是五大基本句型里面的主谓结构。
380,05_27d31c_0089,1,,既然这是一个完整的句子，那我们就需要考虑使用关系副词将它变成一个定语从句。
381,05_27d31c_0090,1,,那问题来了，我们要如何去选出合适的关系副词呢？
382,05_27d31c_0091,1,,在选出合适的关系副词之前，我们需要先去观察一下先行词的属性。
383,05_27d31c_0092,1,,"如果先行词是一个跟时间有关的名词，例如像Monday,July,Weekend这样的时间名词，"
384,05_27d31c_0093,1,,那我们就需要使用跟时间有关的关系副词when。
385,05_27d31c_0094,1,,"如果先行词是一个地点名词，比如说像place,city,village这样专门表示地点的名词，那我们就需要使用关系副词where。"
386,05_27d31c_0095,1,,如果说先行词是跟原因有关的，那么跟原因有关的名词基本上就只有一个，那就是reason。在这种情况下，我们就需要使用关系副词why。
387,05_27d31c_0096,1,,好，那我们现在就去看一下先行词的属性是什么，也就是说我们需要去判定它到底是一个时间名词，地点名词，还是the reason。
388,05_27d31c_0097,1,,先行词就是被定语从句所修饰的那个对象，那我们只需要找到被我长大的这个形容词所修饰和限定的那个对象即可，也就是那个城市。
389,05_27d31c_0098,1,,因为那个城市它紧紧地跟在我长大的这个形容词的后面。按照中文的语序和逻辑来说，它就是被这个形容词所修饰的那个对象，也就是所谓的先行词。
390,05_27d31c_0099,1,,那个城市很明显它是一个地点名词。既然是地点名词，所以说我们就需要使用关系副词where。
391,05_27d31c_0100,1,,确定了where是合适的关系副词之后，我们只需要把where这个关系副词放到I grew up这个句子的句首，然后就造出了我们想要的那个定语从句，where I grew up。
392,05_27d31c_0101,1,,最后一件我们需要做的事情，就是把我们造出来的这个定语从句放到先行词city的后面，那我们就完整的把这个句子翻译成了英文，那就是This is the city where I grew up。
393,05_27d31c_0102,1,,好，以上就是如何使用关系副词去造出一个定语从句的详细过程。
394,05_27d31c_0103,1,,"在造句的过程中，我们会发现能否正确使用关系副词when,where和why的关键。"
395,05_27d31c_0104,1,,"在于我们能否熟练地去区分时间名词、地点名词和原因reason,"
396,05_27d31c_0105,1,,时间名词相对来说比较简单，没有必要过度讲解，常见的时间名词在这儿都给大家整理好了，大家可以暂停自行观看。
397,05_27d31c_0106,1,,这里我们稍微重点说一下地点名词，因为地点名词除了具体的地点名词以外，还有一类地点名词，叫做抽象地点名词。
398,05_27d31c_0107,1,,什么叫做抽象地点名词呢？我们来看几个例子。比如说领域field这个词，就是一个典型的抽象地点。
399,05_27d31c_0108,1,,这个单词经常会用在某个学术或者是科技领域。就比如说这个句子，先行词AI field就是一个抽象地点名词。
400,05_27d31c_0109,1,,所以在这里我们使用了关系副词where来引导了去修饰这个AI field的定语从句。
401,05_27d31c_0110,1,,再比如说我们平时提到的VR也属于抽象地点的代名词，说到VR我就想起一部很经典的电影，叫做头号玩家。
402,05_27d31c_0111,1,,在这个电影里面就展示了VR带给人们的虚拟世界。人们可以在这个VR的世界里面做很多他们喜欢的事情，真实感非常强烈。
403,05_27d31c_0112,1,,"基于这个例子，我们就可以造出这么一个句子A ready player when we are, where people can do many things, feels quite real."
404,05_27d31c_0113,1,,讲真的，这部电影真的非常好看，大家如果感兴趣的话可以自己去看一下。
405,05_27d31c_0114,1,,好，在这儿常见的抽象地点名词也给大家整理好了，大家自行观看即可。
406,05_27d31c_0115,1,,好，那接下来我们看一下最后一个关系副词why。
407,05_27d31c_0116,1,,这个词很有意思，为什么呢？因为why这个关系副词所引导的定语从句只修饰一个先行词，那就是reason。但是这样的话，很容易就会让大家走入一个误区，什么样的误区呢？
408,05_27d31c_0117,1,,就是当很多人看到reason是先行词的定语从句题目的时候，想都不想就直接使用关系副词why去做这个定语从句的引导词。
409,05_27d31c_0118,1,,"就比如说这两个题，很多人看到这两个题的先行词是reason,然后在没有做出任何思考的情况，就直接使用了why这个关系副词去填空。"
410,05_27d31c_0119,1,,但是这样的话就会导致这两个题目都有可能会做错，为什么呢？因为使用关系副词why的前提是，这个定语从句它并不缺主要的句子成分。
411,05_27d31c_0120,1,,也就是说它并不需要一个定语从句的引导词去在这个从句里面做主语、宾语或者是表语。
412,05_27d31c_0121,1,,所以说这两个题它能够使用关系副词why去填空的前提是
413,05_27d31c_0122,1,,这两个定语从句必须得是完整的句子，只有在这种情况下关系副词才能够被使用。
414,05_27d31c_0123,1,,好，那我们现在就对第一个题的定语从句来进行一个句子结构分析，来看一下它到底是不是一个完整的句子。
415,05_27d31c_0124,1,,"在这个定语从句里面，谓语是give,而主语是he。很明显这个从句它并不完整，它是缺少句子成分的。"
416,05_27d31c_0125,1,,因为give这个词，它是一个及物动词，既然是及物动词，那这个及物动词的后面必须要有一个对象去做这个及物动词的宾语。
417,05_27d31c_0126,1,,然而很明显，在这个从句里面，它并没有宾语这个句子成分。
418,05_27d31c_0127,1,,"既然缺少了宾语这个句子的成分，那我们现在就用先行词the reason去补充这个宾语。然后我们就得到了定语从句的原型句子he gave the reason,他给出了理由。"
419,05_27d31c_0128,1,,接下来我们需要做的就是把这个定语从句的原型去变成定语从句。
420,05_27d31c_0129,1,,既然先行词在定语从句的原型句子中做了宾语这个句子的成分，
421,05_27d31c_0130,1,,那我们就需要找到一个合适的关系代词不仅能够去做宾语这个句子的成分，而且还能够代替先行词the reason。
422,05_27d31c_0131,1,,先行词the reason是一个物，而且还做了句子的宾语。
423,05_27d31c_0132,1,,"那在这种情况下，符合条件的关系代词就有两个，一个是which,一个是that。"
424,05_27d31c_0133,1,,"虽然说很明显，这个题的正确答案应该是填关系代词which或者是that,而不是连想都不想看到reason就直接填why,那这样的话很有可能就会是错的。"
425,05_27d31c_0134,1,,所以说我们在去做这种类似的定语从句题目的时候，我们需要先做一件事情。
426,05_27d31c_0135,1,,就是先看这个定语从句它到底是不是一个完整的句子，也就是说这个从句它到底能不能对应得上五大基本句型里面的其中一个。
427,05_27d31c_0136,1,,只有在这个定语从句是一个完整的句子的情况下，我们才能够使用关系副词去填空。
428,05_27d31c_0137,1,,再比如说下面这个题，我们也是直接使用了why这个关系副词去填空。但是对于这个题而言，why它就是这个题的正确答案。
429,05_27d31c_0138,1,,为什么呢？因为这个从句，它是一个完整的从句，并不缺句子成分。He主语，came是一个不及物动词。
430,05_27d31c_0139,1,,所以He came对应了五大基本句型里面的主谓结构，是一个完整的句子。
431,05_27d31c_0140,1,,既然是一个完整的句子，那我们就应该使用关系副词来做这个定语从句的引导词。
432,05_27d31c_0141,1,,既然这个定语从句的引导词是个关系副词，
433,05_27d31c_0142,1,,那根据我们之前所学过的内容，关系副词就相当于是一个介词和关系代词的组合，所以说why作为一个关系副词，
434,05_27d31c_0143,1,,同样也可以被转换成介词和关系代词的这种组合形式。
435,05_27d31c_0144,1,,那具体要使用哪个介词呢？在确定要使用哪个介词之前我们需要先看一下平时哪个介词会最经常跟reason去搭配使用
436,05_27d31c_0145,1,,好，那我们就来看几个相关的例句。通过这几个例句，我们可以知道最经常和reason搭配使用的介词就是for。For the reason所表达的意思就是因为这个原因。
437,05_27d31c_0146,1,,"因为关系副词同样也等于介词和先行词的组合，所以说why所表达的意义就是for the reason,因为那个原因。"
438,05_27d31c_0147,1,,那刚才这个例句的定语从句的原型我们就可以写成For the reason he came翻译成中文就是因为这个原因他来了
439,05_27d31c_0148,1,,那进一步，如果把先行词the reason转换成能够代替它的关系代词，重新把它变回定语从句。
440,05_27d31c_0149,1,,"那就是for which,所以说why he came这个定语从句也可以写成for which he came。"
441,05_27d31c_0150,1,,这两个定语从句所表达的意思完全一样。
442,05_27d31c_0151,1,,好，关于关系副词的所有内容我们就全都讲完了，接下来我们通过对比来总结一下关系代词和关系副词的主要内容。
443,05_27d31c_0152,1,,我们先来总结一下关系代词的特点。
444,05_27d31c_0153,1,,关系代词，它的作用就是直接代替先行词，在定语从句中去做主要的句子成分。这个关系代词就相当于是先行词的替身。
445,05_27d31c_0154,1,,同样也是先行词和定语从句建立联系的媒介和桥梁。
446,05_27d31c_0155,1,,这句话听起来好像有点抽象，简单点来说就是这个关系代词有这么一个作用。
447,05_27d31c_0156,1,,这个作用就是把先行词和定语从句紧紧的绑定在一起。
448,05_27d31c_0157,1,,"就比如说这个句子，The book that I'm reading is interesting,在这个句子中关系代词that所起到的作用就是代替先行词在定语从句中去做宾语这个句子成分。"
449,05_27d31c_0158,1,,既然that本身就是先行词the book的替身，所以that完全可以还原为先行词the book。
450,05_27d31c_0159,1,,那通过把关系代词that还原为它所代替的对象之后，我们就可以得到定语从句的原型，那就是I'm reading the book。
451,05_27d31c_0160,1,,通过这个过程，我们能够看出来，关系代词将定语从句和先行词紧紧绑定在一起的方式。
452,05_27d31c_0161,1,,就是代替先行词在定语从句中去做主宾表这三个句子成分里面的其中一个。
453,05_27d31c_0162,1,,那相比之下，关系副词就没有办法像关系代词那样，直接代替先行词，在定语从句里面去做主要成分。
454,05_27d31c_0163,1,,关系副词和先行词建立联系的方式则是代入先行词所展示的场景，时间或者是原因。
455,05_27d31c_0164,1,,例如下面这个句子，关系副词where所起到的作用就是展示出先行词the place所代替的那个场景。
456,05_27d31c_0165,1,,因为关系副词where的真实面貌其实就是包含了先行词的地点状语in the place。
457,05_27d31c_0166,1,,用来强调具体在什么地点，然后再说在这个地点所发生的事情。
458,05_27d31c_0167,1,,所以where在这个地方更加强调的是场景代入，这是关系副词和关系代词最根本的区别之一。
459,05_27d31c_0168,1,,如果我们把定语从句中的where还原为它所代替的内容，那就可以得到定语从句的原型In the place I finished the university.
460,05_27d31c_0169,1,,由此可见关系副词在定语从句中唯一能做的句子成分就是状语。
461,05_27d31c_0170,1,,并且在我们把关系副词还原成所代替的内容之后，会发现它们都是包含了先行词的介词短语，而关系代词又可以代替先行词。
462,05_27d31c_0171,1,,这变相来说关系副词也可以转换成介词和关系代词的这种组合形式。
463,05_27d31c_0172,1,,"比如说这个例句，关系副词when就可以转换成on which,而这个句子里面的关系副词where就可以转换成in which,最后这个句子里面的why也可以转换成for which的形式。"
464,05_27d31c_0173,1,,因为这几个句子里面的先行词都是和物有关的名词，所以关系代词用的都是which。
465,05_27d31c_0174,1,,"但是如果先行词不是物而是人的话，那能够和介词一起提前到定语从句最前端的关系代词就只有whom,这也是关系代词whom存在的主要意义。"
466,05_27d31c_0175,1,,并且在所有的关系代词里面，能够和介词一起提前到定语从句句首的关系代词只有两个，那就是whom和which。
467,05_27d31c_0176,1,,好，以上就是关系代词和关系副词的主要特点和区别。
468,22222222222_56d51b_0000,1,,接下来的几期视频，我们即将要展开对三大从句的讲解，所以在这之前我们先做一下对从句学习的准备工作。
469,22222222222_56d51b_0001,1,,先对从句的概念有一个比较清晰的了解，这样可以让我们在后续的学习中可以更加的轻松和事半功倍。
470,22222222222_56d51b_0002,1,,好，我们先来看几个从句的例子，然后认真观察一下这几个从句具有什么样的特点，或者是和普通句子不太一样的地方。我们先来看第一个句子，在这个句子里面，从句是when you guys are ready
471,22222222222_56d51b_0003,1,,"主句则是we will get started,我们仔细看一下这两个句子会发现，从句相比于主句，从句的最前面有一个词when，这个when的作用就是让这个句子变成一个时间状语从句。"
472,22222222222_56d51b_0004,1,,"如果我们现在做一件事情，把when这个单词给去掉，那这个从句就变成了you guys are ready,我们会发现这个句子所表达的意思和之前的从句完全不一样。"
473,22222222222_56d51b_0005,1,,新句子所表达的意思是，你们都准备好了，很明显，这是一个陈述句。而之前的从句所表达的意思是，当你们准备好的时候，
474,22222222222_56d51b_0006,1,,说明了动作要开始的时间，属于典型的时间状语。我们再来看第二个例句。这个句子的从句是Who teaches English?
475,22222222222_56d51b_0007,1,,"主句则是she is the teacher,如果我们对比一下这个句子的主句和从句，也会发现从句的最前面是一个who。"
476,22222222222_56d51b_0008,1,,这个从句里面的who和上一个句子里面的when有着异曲同工之处。
477,22222222222_56d51b_0009,1,,因为在这里，单词who的作用就是让这个句子变成一个定语从句。接下来我们看最后一个句子。在这个句子里面的从句，它的开头也是一个类似于who和when这样的词，what。
478,22222222222_56d51b_0010,1,,而这个what所起到的作用就是让它所引导的这个句子变成一个名词性从句。所以我们现在来认真观察以上我们所讲的这三个句子。我们会发现这三个从句他们都有一个共同的特点。
479,22222222222_56d51b_0011,1,,那就是句子的最前端都有一个类似于when who、what这样的词来引导句子。也就是说，当我们看到句子的开头有类似于when who、what这种类型词的时候，
480,22222222222_56d51b_0012,1,,我们就会知道这个句子它是一个从句，当然也有可能是一个特殊疑问句，这个我们后续再说。
481,22222222222_56d51b_0013,1,,而这种类型的词则是从句最为明显的标志，我们称这种类型的词为引导词。所以通过以上的总结，如果我们要给从句下一个定义的话，
482,22222222222_56d51b_0014,1,,那就是有引导词引导的句子叫做从句。主句的话那就更简单了，那就是没有引导词引导的句子。
483,22222222222_56d51b_0015,1,,所以说我们区分从句和主句最快捷和最有效的方法，就是观察句子的最前端有没有引导词。有引导词那就是从句，没有引导词那就不是从句。
484,22222222222_56d51b_0016,1,,从句最为明显的特点永远都是句子的最前面有一个引导词来引导这个句子。
485,22222222222_56d51b_0017,1,,所以说，如果我们发现一个句子里面没有引导词的话，那说明这个句子它肯定不是一个从句，必然是一个主句。
486,22222222222_56d51b_0018,1,,既然我们已经了解了从句最主要的特点，那接下来我们就了解一下从句的种类和它们的主要作用。
487,22222222222_56d51b_0019,1,,从句的类型主要可以分为三大类，定语从句、名词性从句和状语从句。我们先来看一下定语从句。定语从句又被称为形容词性从句。
488,22222222222_56d51b_0020,1,,因为定语这个句子成分，它和形容词所起到的作用几乎没有什么太大的区别。
489,22222222222_56d51b_0021,1,,"说简单点，定语从句就是一个具有句子结构的形容词，比如说下面这个句子，he is a boy who is naughty,所表达的意思和he is a naughty boy这个句子没有任何的区别。"
490,22222222222_56d51b_0022,1,,第一个句子所表达的意思是他是一个顽皮的男生。
491,22222222222_56d51b_0023,1,,第二个句子的意思也是他是一个顽皮的男生。这两个句子所表达的意思完全一样，没有任何的差别。唯一的区别就是在第一个句子里面我们用的是定语从句，而在第二个句子里面我们用的是一个形容词。
492,22222222222_56d51b_0024,1,,但是这个定语从句和第二个句子里面的形容词naughty在句子里面所做的成分是一样的，它们都是定语这个句子成分。这个定语从句相对于形容词naughty来说其实就是一个扩展版的naughty。
493,22222222222_56d51b_0025,1,,如果按照对定语从句的理解方式来看名词性从句的话，那名词性从句说白了就是一个有句子结构的名词。
494,22222222222_56d51b_0026,1,,所以说，名词能够在句子中所做的成分，那么名词性从句基本上都可以做。比如说下面这个句子
495,22222222222_56d51b_0027,1,,名词性从句was in the box就是在这个句子里面做了主语。当名词性从句在句子里面做了主语的话，我们就管它叫主语从句。
496,22222222222_56d51b_0028,1,,名词性从句如果做了句子宾语的话，我们就管它叫宾语从句。如果做了句子的表语，我们就称它为表语从句。
497,22222222222_56d51b_0029,1,,具体我们管名词性从句叫什么，取决于这个从句所做的句子成分。
498,22222222222_56d51b_0030,1,,最后一个从句的类型就是状语从句。
499,22222222222_56d51b_0031,1,,状语从句又叫做副词性从句，如果按照我们解释以上两个从句的方法来解释状语从句的话，那说白了状语从句就是一个具有句子结构的副词。
500,22222222222_56d51b_0032,1,,"因为状语从句所起到的作用和副词的作用几乎是一样的，没有什么太大的区别。例如这个句子When I have some free time this week, I'm going to McDonald's中文意思就是当我这周有空的时候，我就去麦当劳"
501,22222222222_56d51b_0033,1,,然后我查了一下自己的时间表，发现明天我就有空。然后我就紧接着说，Tomorrow I'm going to McDonald's。
502,22222222222_56d51b_0034,1,,"在这个新的句子里面，tomorrow它所代表的时间段就是when I have some free time this week,这个状语从句所代表的时间段。"
503,22222222222_56d51b_0035,1,,变相来说，tomorrow就是我们换了一种表达方式，来表达这个状语从句所代表的时间。而从另外一个角度来看的话，
504,22222222222_56d51b_0036,1,,"When I have some free time this week,无非就是以从句的方式来表达了tomorrow所代表的时间，因为这两个时间状语都是代表了我有空的时候。"
505,22222222222_56d51b_0037,1,,通过对以上这三个从句的讲解，我们能够看出从句的本质根本就不是句子，而是一个具有句子结构的单词，具体来说就是具有句子结构的形容词、名词和副词。
506,22222222222_56d51b_0038,1,,这就是为什么这几个从句的名字叫形容词性从句、名词性从句和副词性从句。所以说从句的本质其实是词性，并不是句子。
507,22222222222_56d51b_0039,1,,既然从句的本质是词性，那么它们的作用就是需要在其他的句子中去做句子成分。你像定语从句能做的句子成分，那就是定语。
508,22222222222_56d51b_0040,1,,那名词性从句呢，就是做主语、宾语、表语和同位语。这个从句能做的这几个句子成分，也是名词在句子中最经常担任的句子成分。
509,22222222222_56d51b_0041,1,,那状语从句就像它的名字一样，就是在句子中去做状语。
510,22222222222_56d51b_0042,1,,所以说从句如果想拥有存在的意义，那么它们必然要在其他的句子中去做成分，换句话说就是从句是没有办法独立存在的。
511,22222222222_56d51b_0043,1,,所以说从句必须要依附于其他的句子而存在。
512,22222222222_56d51b_0044,1,,因为一个句子成分不可能脱离句子而单独存在。就比如说主语，如果没有句子结构的话，主语是不可能存在的。如果主语不可能存在，那么主语从句也不可能存在。
513,22222222222_56d51b_0045,1,,因为主语从句本来就是要在句子中去做主语这个成分。
514,22222222222_56d51b_0046,1,,所以说，如果没有句子结构，那么主语从句是不可能存在于句子以外而去独立存在的。
515,22222222222_56d51b_0047,1,,如果我们类比一下从句和句子之间的关系，那么句子就相当于树干，而从句就相当于是树枝，从句永远都是以句子中的某个成分而存在。
516,22222222222_56d51b_0048,1,,而从句最前端的引导词就相当于是连接树干和树枝的关节部位，将从句和它所属的句子紧紧的连接在一起。
517,22222222222_56d51b_0049,1,,一般情况下，我们管拥有从句的句子叫做主从复合句，主代表着主句，从代表着从句。
518,22222222222_56d51b_0050,1,,复合句就说明这个句子并不是一个普通的简单句或者是并列句，而是至少要有一个从句的复杂句。
519,22222222222_56d51b_0051,1,,大家这里注意一下，从句所依附的句子可以是个主句，也就是说没有引导词引导的句子。
520,22222222222_56d51b_0052,1,,但是从句也可以依附于从句，也就是说从句不仅可以出现在主句中，也可以出现在从句中，这就相当于树枝不仅可以长在主干上，也可以长在其他树枝上。
521,22222222222_56d51b_0053,1,,如果从句子结构的角度来看的话，从句的本质就是去做句子的成分，而从句里面也是有句子成分的。
522,22222222222_56d51b_0054,1,,假如说，如果一个从句里面有定语这个句子成分的话，那这个定语既可以是一个普通的形容词，也可以是一个定语从句。比如说这个句子，I think that sleeping cat is very cute.
523,22222222222_56d51b_0055,1,,"这个句子里面的宾语就是一个名词性从句，所表达的意思就是那只正在睡觉的猫非常可爱，而在这个从句里面的形容词sleeping,"
524,22222222222_56d51b_0056,1,,还可以用另外一种形式来表达，那就是以定语从句的方式来展现出来。将sleeping这个形容词转换成定语从句之后，那就是which is sleeping。
525,22222222222_56d51b_0057,1,,The cat which is sleeping和The sleeping cat所表达的意思是完全一样的，没有任何区别。
526,22222222222_56d51b_0058,1,,而且很明显，这个定语从句是属于这个宾语从句里面的一部分。
527,22222222222_56d51b_0059,1,,这个定语从句在这个宾语从句里面其实就是扮演了一个形容词的角色，所做的句子成分就是一个定语，所以说从句既可以出现在主句中，
528,22222222222_56d51b_0060,1,,也可以出现在其他从句中。因为从句的本质就是去做句子里面的成分。所以说只要是一个拥有句子结构的主体，那么就可以包含从句。
529,22222222222_56d51b_0061,1,,好，最后我们再来看一下主从复合句和并列句的主要差别。我们先来看一下主从复合句。首先，主从复合句最为明显的一个特点就是在这个句子中必然会有主句和从句。
530,22222222222_56d51b_0062,1,,比如说这个句子I would like to study English where it's quiet就是由主句I would like to study English和从句where it's quiet的构成。
531,22222222222_56d51b_0063,1,,相比之下，并列句是由连词前后连接两个或者是多个主句而构成的。
532,22222222222_56d51b_0064,1,,也就是说并列句前后所连接的句子主体是不能有引导词的。例如这个句子Lucy wants ice cream and Jason wants milk tea就是由and前后连接了Lucy wants ice cream和Jason wants milk tea而构成的一个并列句。
533,22222222222_56d51b_0065,1,,前后被and所连接的句子，它们之间的关系属于是平行关系。什么叫平行关系呢？就是说并列句前后所连接的句子都是完全独立的，相互之间并不影响。
534,22222222222_56d51b_0066,1,,比如说我们把这个句子里面的连词and如果去掉的话，那么前后连接的句子就会变成两个独立的句子，也就是说即使在没有and这个连词的情况下，它们依然可以独立存在，自己成为一个单独的句子。
535,22222222222_56d51b_0067,1,,但是对于从句来说，从句是没有办法单独存在的。
536,22222222222_56d51b_0068,1,,因为从句必然需要做句子的成分，而单独的句子成分是没有办法独立存在的，必然要依附于某个句子而存在。
537,22222222222_56d51b_0069,1,,"就比如说这个从句where it's quiet,它所扮演的角色就是这个句子中的地点状语，而状语这个句子成分是没有办法在句子外面出现的。"
538,22222222222_56d51b_0070,1,,必然是要存在于句子里面才可以，所以说这个从句它没有办法独立存在，只能在句子里面才有意义。
539,22222222222_56d51b_0071,1,,从句就相当于是树枝，必然要依附于树干才可以存活，而连接树枝和树干的这个树节就相当于是连接主句和从句的引导词。
540,22222222222_56d51b_0072,1,,"那在这个句子中，树干就是这个句子的主句，I would like to study English,而树枝则是这个地点状语从句，where it's quiet."
541,22222222222_56d51b_0073,1,,而这个从句里面的引导词where所扮演的角色就相当于是连接树干和树枝的树节，将主句和从句紧紧的联系在一起。
542,22222222222_56d51b_0074,1,,同样引导词也是从句的一个重要标志，也就是说从句的最前端必然是以一个引导词来开头，而相比之下连词前后连接的句子就相当于是火车车厢。
543,22222222222_56d51b_0075,1,,每一个火车车厢它们都是独立的，而连词所扮演的角色就相当于是锁链将它们连接在一起。
544,22222222222_56d51b_0076,1,,好，以上就是主从复合句和并列句之间的主要差别，到此为止关于从句的主要概念我们就全都讲完了。
545,22222222222_56d51b_0077,1,,在接下来的几期视频里面，我们将会详细的学习三大从句的具体概念和使用方法。但是在开始学习之前，
546,22222222222_56d51b_0078,1,,对从句的基本概念和本质有一个具体的了解非常重要，所以大家可以选择性的反复观看一下这个视频。
547,22222222222_56d51b_0079,1,,加深一下对从句性质和特点的了解，以便之后我们在学习三大从句的时候可以更加的轻松和事半功倍。如果大家从我的视频中学到了干货，希望大家可以贡献自己的一键三连。
548,22222222222_56d51b_0080,1,,毕竟你的支持对我来说非常重要。好，感谢大家的观看，我们下期再见。
549,9999999_6d5824_0000,1,,在看本期视频之前，大家最好先去看一下五大基本句型和从句的本质那两期视频。因为本次内容的讲解，要建立在五大基本句型的基础之上。
550,9999999_6d5824_0001,1,,在讲解定语从句之前，我们先来了解一下什么是形容词。定义方面，形容词就是对名词和代词进行修饰和限定的词。
551,9999999_6d5824_0002,1,,修饰就是描述一个对象的特征，比如说黑色的手机，黑色的这个形容词就描述了一个手机的外部特征。
552,9999999_6d5824_0003,1,,说明这个手机的颜色是黑色的。那限定是什么意思呢？很多人对于限定所起到的作用并不了解。
553,9999999_6d5824_0004,1,,"我们来看一下下面这个图表，比如说某个国家的学生数量有1个亿，但是如果我们在students前面加上一个形容词male,那么这个数量级就会从1亿降低到5000万。"
554,9999999_6d5824_0005,1,,"假如说我们在此基础上再加上一个形容词，highly educated,"
555,9999999_6d5824_0006,1,,"那么这个数量级就会从5000万降低到1000万。要是再多出一个形容词rich,那又从1000万降低到了2万。"
556,9999999_6d5824_0007,1,,然后我们会发现，随着我们对某个群体的描述越来越详细，也就是说在这个群体前面所加的形容词越来越多，
557,9999999_6d5824_0008,1,,那么这个群体的数量范围就会越来越小，直到范围最后缩小到一个对象为止。那这个过程就叫做限定。
558,9999999_6d5824_0009,1,,好，我们现在已经知道了什么是形容词。那问题来了，形容词和定语的主要区别是什么呢？
559,9999999_6d5824_0010,1,,其实两者并没有什么太大的区别，它们所起到的作用几乎是一样的，定语的主要作用就是修饰和限定名词，而形容词的作用也是修饰和限定名词。
560,9999999_6d5824_0011,1,,它们最主要的区别在于性质方面，因为定语的性质它是一个句子成分，是没有办法独立于存在于句子之外的。
561,9999999_6d5824_0012,1,,而形容词的性质则是一个单词，不论是它在句子以内还是在句子以外都可以存在。也就是说形容词既可以出现在句子里面，也可以出现在句子外面。
562,9999999_6d5824_0013,1,,比如说这个句子，spicy在句子中做了定语这个句子成分。
563,9999999_6d5824_0014,1,,但是如果我们单独把spicy从这个句子中提取出来，
564,9999999_6d5824_0015,1,,我们还能说它是一个定语吗？肯定不行。因为只是单独看这个单词的话，我们只能够判断出它是个形容词。
565,9999999_6d5824_0016,1,,具体它是不是定语，那要看spicy在句子中所做的句子成分到底是不是定语。也就是说，定语只是一个句子成分，它只能出现在句子内部。
566,9999999_6d5824_0017,1,,而spicy如果出现在句子之外的话，我们只能说它是一个形容词，无法称它为定语。
567,9999999_6d5824_0018,1,,因为在句子内部，一个形容词所做的句子成分除了定语以外，还有可能会是一个表语或者是宾语补足语。
568,9999999_6d5824_0019,1,,但是如果我们不考虑定语是一个句子成分的话，那么定语和形容词之间的关系更像是包含关系，形容词则更像是定语旗下的一个种类。
569,9999999_6d5824_0020,1,,如果我们把定语比喻成汽车的话，那么形容词就相当于是新能源汽车，是属于定语的一个种类。
570,9999999_6d5824_0021,1,,因为在大多数情况下，如果我们在句子中见到一个形容词的话，那么这个形容词它基本上就会是在这个句子中去担任定语这个句子成分。
571,9999999_6d5824_0022,1,,也就是说，形容词最经常做的句子成分就是定语。所以说，如果不考虑定语是一个句子成分的话，
572,9999999_6d5824_0023,1,,那么定语和形容词之间的关系更像是一种包含关系。除了形容词以外呢，
573,9999999_6d5824_0024,1,,能够做定语这个句子成分的还有另外其他三种形式，分别是介词短语，非谓语动词，以及这节课的重点，定语从句。
574,9999999_6d5824_0025,1,,定语从句跟其他三种形式最大的不同点就在于，定语从句是有句子结构的，能够匹配五大基本句型，我们能够对定语从句进行一个句子结构分析。
575,9999999_6d5824_0026,1,,但是另外三种能够做定语的形式，要么是单词，要么是短语。
576,9999999_6d5824_0027,1,,本身没有任何的句子结构。好，那接下来我们就看几个例句，学习一下这四种形式如何在句子中去做定语这个句子成分。
577,9999999_6d5824_0028,1,,"第一个句子，That Handsome Boy Is Jim,在这个句子中做定语的成分非常简单，就是一个单独的形容词Handsome,它的作用就是用来修饰Boy这个词。"
578,9999999_6d5824_0029,1,,第二个句子在这里暂时只给出了中文，但是这个句子的定语却非常的明显，那就是穿着蓝色上衣的。但是我们没有办法像上一个句子一样，
579,9999999_6d5824_0030,1,,只是用一个单独的形容词去把这个定语翻译成英文，因为我们在字典中根本查不到相关的英文单词，去对应穿着蓝色上衣的这么一个形容词。
580,9999999_6d5824_0031,1,,所以说这一次我们需要自己去造。那要怎么造呢？我们可以用介词的短语来把这个形容词给造出来。然后句子就是That boy in a blue coat is Jim
581,9999999_6d5824_0032,1,,in a blue coat在这里所起到的作用就是做定语来修饰boy这个名词。
582,9999999_6d5824_0033,1,,等于是我们用in a blue coat这个介词短语造出了穿着蓝色上衣的这个形容词。
583,9999999_6d5824_0034,1,,第三个句子，戴着墨镜的那个男生Jim。
584,9999999_6d5824_0035,1,,这次我们选择用非谓语动词来表达戴着墨镜的这个形容词，那就是wearing sunglasses。这个非谓语动词它在这个句子中的作用也是对boy进行修饰和限定。
585,9999999_6d5824_0036,1,,最后一个句子，那个正在说话的男生是Jim。在这个句子里面，形容词就是正在说话的。
586,9999999_6d5824_0037,1,,很明显正在说话这是一个进行时，所以说接下来我们要翻译出来的这个定语必须能够显示出正在说话这么一个状态。
587,9999999_6d5824_0038,1,,"那就是That boy who is talking is Jim,who is talking就对应了正在说话的这个形容词。"
588,9999999_6d5824_0039,1,,从这里我们能够看出来，正在说话的这个形容词，我们是用一个定语从句的方式who is talking而造出来的。
589,9999999_6d5824_0040,1,,说白了，就是我们用一个句子去造出了一个形容词，然后用来修饰和限定这个句子里面的男生。
590,9999999_6d5824_0041,1,,很明显在这个句子里面，定语从句的功能和形容词的功能是完全一样的，都是用来修饰和限定这个男生。
591,9999999_6d5824_0042,1,,所以说，如果我们通过对这个例句的分析来给定语从句下一个定义的话，
592,9999999_6d5824_0043,1,,那就是做形容词功能的句子，叫做定语从句。换句话说，就是我们要用一个句子去造一个我们想要的形容词，然后用这个形容词去修饰和限定某个名词。
593,9999999_6d5824_0044,1,,如果我们现在重新来看一下这几个例句，会发现在每一个句子里面定语所修饰的对象都是男生boy这个名词。
594,9999999_6d5824_0045,1,,很帅的男生，穿着蓝色上衣的男生，戴着墨镜的男生，正在说话的男生。
595,9999999_6d5824_0046,1,,所以说男生boy这个词在这四个例句里面都扮演了一个被形容词所修饰和限定的角色。我们管这个被形容词所修饰和限定的名词叫做先行词。
596,9999999_6d5824_0047,1,,严格意义上来说，只有被定语从句所修饰和限定的对象才能够被称作为先行词。但是在研究了很多英文的句子之后，我发现完全没有必要去分得这么清楚。
597,9999999_6d5824_0048,1,,因为有时候过于执着某个概念，反而会让灵活的语法变得死板和固化。
598,9999999_6d5824_0049,1,,现在我们再观察一下这几个句子，会发现除了在第一个句子里面的定语handsome放在先行词boy的前面，在剩下的三个句子中，定语都是跟在boy的后面。
599,9999999_6d5824_0050,1,,我们把放在先行词前面的定语叫做前置定语，而放在先行词后面的定语就叫做后置定语。
600,9999999_6d5824_0051,1,,一般情况下，如果只是一个单独的形容词，要修饰和限定一个名词的话，既可以放在这个名词的前面，也可以放在这个名词的后面。
601,9999999_6d5824_0052,1,,但是除了形容词以外的定语，那基本上只能跟在名词的后面来对它进行修饰和限定。
602,9999999_6d5824_0053,1,,就比如说这几个句子里面的介词短语、非谓语动词和定语从句，用来做定语去修饰一个名词的话，它们只能跟在名词的后面。
603,9999999_6d5824_0054,1,,没有办法去放在名词的前面来进行修饰和限定。
604,9999999_6d5824_0055,1,,我们现在已经了解了定语从句的具体概念。那如果现在我们想要去造一个定语从句的话，那要如何去造呢？也就是说，我们要如何用句子去造一个我们想要的形容词？
605,9999999_6d5824_0056,1,,好，那我们就以刚才我们学过的定语从句为例，来看看这个定语从句到底是怎么造出来的。
606,9999999_6d5824_0057,1,,首先我们需要知道的是，这个句子它是属于一个典型的复合句，复合句就是拥有从句的句子，这个我们在之前的视频中已经讲过。
607,9999999_6d5824_0058,1,,所以说，我们需要做的第一件事情就是先把这个句子的主句给造出来。因为先要有主干才能有树枝。主干就相当于是主句，树枝就相当于是从句。
608,9999999_6d5824_0059,1,,我们再观察一下这个中文的句子，很明显正在说话的这个形容词就是我们要去造的定语从句。
609,9999999_6d5824_0060,1,,所以说，如果我们把正在说话的形容词给去掉之后，那剩下的部分就是这个句子的主句。
610,9999999_6d5824_0061,1,,"翻译成英文之后就是That boy is Jim,然后我们再来看一下这个句子的从句正在说话的。"
611,9999999_6d5824_0062,1,,如果说我们现在直接用英文去翻译正在说话的，会发现根本翻译不出来，因为翻译之后的内容是一个有句子结构的定语从句，并不是一个简单的形容词。
612,9999999_6d5824_0063,1,,但是如果我们只是看中文的话，它就是一个形容词，而不是一个句子。所以我们需要做的一件事情就是先把这个中文的形容词改造成一个句子，然后再去把它变成一个定语从句。
613,9999999_6d5824_0064,1,,既然我们要先把它以句子的方式翻译出来，那我们就得先去掉它形容词的属性，然后再把它改造成一个句子。
614,9999999_6d5824_0065,1,,去掉形容词属性的第一步按照我们中文的理解方式，就是先把这个白勺的给去掉。
615,9999999_6d5824_0066,1,,因为按照中文的特点来看的话，形容词基本上都是以白勺的为结尾，所以说如果我们去掉这个白勺的的话，那它就不再拥有形容词的属性。
616,9999999_6d5824_0067,1,,去掉白勺的之后，那就只剩下正在说话，我们会发现这是一个正在进行的动作。
617,9999999_6d5824_0068,1,,既然是一个正在进行的动作，那必然有一个发出这个动作的对象。
618,9999999_6d5824_0069,1,,那我们接下来需要做的一件事情就是找到发出这个动作的对象，然后补全这个句子。
619,9999999_6d5824_0070,1,,那很明显是那个男生正在说话，所以说执行正在说话这个动作的对象就是那个男生。
620,9999999_6d5824_0071,1,,我们把男生放到正在说话的前面来补全这个句子。翻译成英文就是That boy is talking
621,9999999_6d5824_0072,1,,这里跟大家说一个小技巧，这个形容词修饰谁，我们就用谁来补全这个句子所缺的成分。
622,9999999_6d5824_0073,1,,正在说话的这个形容词所修饰的是那个男生，所以我们就用那个男生来补全这个句子缺失的主语。
623,9999999_6d5824_0074,1,,然后这个定语从句的原型我们就造出来了，that boy is talking。
624,9999999_6d5824_0075,1,,但是我们会发现，当前的这个句子并不是一个从句，而是一个主句。
625,9999999_6d5824_0076,1,,因为这个句子的最前端并没有一个引导词来引导这个句子，所以我们需要做一件事情，就是要把我们造出来的这个句子改造成定语从句。
626,9999999_6d5824_0077,1,,那要如何去改造呢？首先我们需要做的第一件事情，就是去观察这个形容词所修饰的那个对象，也就是所谓的先行词that boy。
627,9999999_6d5824_0078,1,,然后我们再观察一下，在我们造出来的这个句子里面，是不是也有先行词，that boy。很明显这个句子里面的主语就是that boy。
628,9999999_6d5824_0079,1,,既然有that boy这个先行词，那把这个句子变成从句的过程就达到了最关键的一步。
629,9999999_6d5824_0080,1,,我们知道，从句和主句最大的区别就是去观察句子的最前端，到底有没有一个引导词来引导这个句子。
630,9999999_6d5824_0081,1,,而最终我们要把这个句子改造成从句的关键步骤，就是要找到一个合适的引导词来引导这个句子。
631,9999999_6d5824_0082,1,,而在这个句子里面，如果要选择能够把这个句子改造成定语从句的引导词，
632,9999999_6d5824_0083,1,,那我们就需要观察一下在这个句子里面的先行词that boy到底是人还是物。
633,9999999_6d5824_0084,1,,如果是人，我们就用who这个定语从句引导词。如果不是人是一个物的话，那我们就用which这个定语从句引导词。
634,9999999_6d5824_0085,1,,那很明显，that boy他是一个人，所以我们现在需要做的一件事，就是用引导词who来替换掉这个句子里面的that boy。
635,9999999_6d5824_0086,1,,"然后我们想要的定语从句就出现了，那就是who is talking,这个定语从句所对应的意思就是正在说话的，它的作用就是要修饰和限定先行词that boy。"
636,9999999_6d5824_0087,1,,那接下来我们就需要把我们造出来的这个定语从句放到先行词that boy的后面来做后置定语。
637,9999999_6d5824_0088,1,,那这个句子整体翻译出来就是That boy who is talking is JimWho is talking就是我们需要的定语从句
638,9999999_6d5824_0089,1,,"所对应的中文意思就是形容词正在说话的。我们能够看出who is talking在变成定语从句之前是that boy is talking,意思就是那个男生正在说话。"
639,9999999_6d5824_0090,1,,而我们用who这个定语从句引导词来替换掉that boy之后
640,9999999_6d5824_0091,1,,那这个句子就变成了一个定语从句，拥有了形容词的属性，所对应的中文意思就变成了正在说话的这个形容词。
641,9999999_6d5824_0092,1,,所以说，我们能否熟练造出一个定语从句的关键，取决于我们到底能不能详细了解每个定语从句引导词的用法。
642,9999999_6d5824_0093,1,,那接下来我们就来了解一下每一个定语从句引导词的特点和它们的使用方法。
643,and-revised_db6f95_0000,1,,本期视频我们来学习几个非常基础但又极其重要的连接词，以及和这几个连接词相关的并列句。那这几个连接词就是我们经常见到的and but or so。我们先来看第一个连接词，and。
644,and-revised_db6f95_0001,1,,and最主要的一个作用就是并列连接，大多数情况下翻译并且或者是和，这也是我们平时最经常见到的一个连词。
645,and-revised_db6f95_0002,1,,它的第一种连接方式就是可以连接两个或者是多个不同的句子，比如说这个句子是 she bought apples and she bought bread
646,and-revised_db6f95_0003,1,,"在这个句子中，我们就是用and分别连接了两个不同的句子，she bought apples和she bought bread,"
647,and-revised_db6f95_0004,1,,AND的第二种连接方式就是去连接句子中属性相同的成分。例如这个句子，apples和bread在句子中都是做了宾语的成分。
648,and-revised_db6f95_0005,1,,所以说，我们可以用and将这两个句子成分直接连接起来，让它们作为一个整体来担任句子的宾语。这个被and连接起来的整体，我们一般称它为并列宾语。
649,and-revised_db6f95_0006,1,,AND的第二个主要作用叫做合并同类项。那什么是合并同类项呢？我们还是以刚才这个句子为例。
650,and-revised_db6f95_0007,1,,"在这个句子里面的she和bought,他们不论是在前面的句子还是在后面的这个句子中，都是做了主语和谓语。"
651,and-revised_db6f95_0008,1,,也就是说，不论是在前半句还是在后半句，做主语和谓语的都是同一个对象，所以说我们可以直接把他们合并在一起。
652,and-revised_db6f95_0009,1,,然后我们只需要用&去连接这两个句子中的apples和bread。
653,and-revised_db6f95_0010,1,,虽然说它们在句子中都是做了宾语这个成分，但是apples和bread并不是相同的一个词，所以说这两个词是没有办法合并的。
654,and-revised_db6f95_0011,1,,既然没有办法合并，那我们只能用AND来连接它们。
655,and-revised_db6f95_0012,1,,我们把句子前后重复的成分合并成一个之后，那这个句子就变成了She bought apples and bread。
656,and-revised_db6f95_0013,1,,以上是AND只连接了两个句子进行合并同类项的情况。
657,and-revised_db6f95_0014,1,,那如果AND前后连接了三个句子或者更多的句子也能够进行合并同类项这种操作吗？也就是说，假如三个句子中的主语或谓语或者是其他的句子成分都是同一个对象的情况下，
658,and-revised_db6f95_0015,1,,那我们能不能把这三个句子里面的这几个成分合并成一个？
659,and-revised_db6f95_0016,1,,"那具体行不行，我们现在就来尝试一下。比如说下面这个句子He opened the door, he walked in, and he sat down.我们会发现and前后连接的这三个句子的主语都是相同的一个对象，he"
660,and-revised_db6f95_0017,1,,既然三个句子的主语都是相同的并且中间有and连接，那我们就可以进行一个合并同类项的操作。
661,and-revised_db6f95_0018,0,老师删除,将相同对象的句子成分合编在一起，把不同对象的句子成分用&连接起来，然后就出现了一个新的句子。
662,and-revised_db6f95_0019,1,,所以说不论and前后连接多少个句子，合并同类项都会遵循同样的道理。也就是说and前后连接的这些句子里面
663,and-revised_db6f95_0020,1,,相同对象的句子成分都可以合并成一个。如果我们要对合并后的句子进行一个结构分析的话，我们需要注意的是，AND在句子中是不做任何句子成分的，它只起到一个连接的作用。
664,and-revised_db6f95_0021,1,,以上这些就是AND最主要的两种使用方式，接下来我们了解一下在使用AND的时候所需要注意的事项。
665,and-revised_db6f95_0022,1,,第一个我们需要注意的事情，就是当and连接3个或者更多同属性句子成分的时候，我们需要用逗号把它们隔开。
666,and-revised_db6f95_0023,1,,但是如果我们只是连接两个同属性的句子成分，那我们就不需要使用逗号。比如说在下面这个句子中，and前后连接了两个宾语，上海和北京。
667,and-revised_db6f95_0024,1,,因为只是连接了两个同属性的句子成分，所以我们并不需要使用逗号去将它们隔开。
668,and-revised_db6f95_0025,1,,但是在这个句子中，我们用and连接了三个同属性的句子成分，上海，北京和深圳。这三个不同的地点，它们都做了句子的宾语。
669,and-revised_db6f95_0026,1,,属于是并列做了句子的宾语。所以如果我们要用and来连接这三个句子成分的时候，我们需要使用逗号把它们隔开。
670,and-revised_db6f95_0027,1,,并且AND的连接位置要放在最后一个句子成分的前面。
671,and-revised_db6f95_0028,1,,也就是说，在这个句子里面，and要放在深圳的前面，而且and前面要有一个逗号来进行分割。
672,and-revised_db6f95_0029,1,,如果说没有这个逗号来进行分割的话，那么这个句子就会变成以下这种情况。and将北京和深圳连接成了一个整体。
673,and-revised_db6f95_0030,0,太短,会想得非常不自然。
674,and-revised_db6f95_0031,1,,所以说大家一定要注意，如果我们要用and去连接三个或者三个以上相同属性的句子成分，那么用and去连接最后一个成分的时候，它的前面一定要有一个逗号来进行分割。
675,and-revised_db6f95_0032,1,,其次，另外一种使用逗号的情况就是
676,and-revised_db6f95_0033,1,,如果我们要用and来连接两个或者更多的句子，我们最好使用逗号把两个句子隔开。例如下面这个句子，The sun set and the stars began to appear.
677,and-revised_db6f95_0034,1,,The sun set是一个句子，The stars began to appear又是另外一个句子。
678,and-revised_db6f95_0035,1,,所以说我们用and来连接这两个句子的时候，最好有一个逗号来分割一下。
679,and-revised_db6f95_0036,1,,这个逗号所起到的作用就是能够让我们看清楚and前后连接的是两个不同的句子。再比如说这个例句，the rain stopped and the rainbow formed
680,and-revised_db6f95_0037,1,,在and前面，我们也是用一个逗号来对这两个独立的句子来进行了一个分割，让我们在视觉上一眼就可以看出这是两个独立的句子。
681,and-revised_db6f95_0038,1,,只不过它们被and连接在了一起，构成了一个新的句子。如果我们要用and来连接两个句子的话，一般情况下，这两个句子会是两个独立的句子。
682,and-revised_db6f95_0039,1,,也就是说，这两个句子中没有相同的成分，无法进行同类项的合并。
683,and-revised_db6f95_0040,1,,换句话说就是前后两个句子中的主语、谓语、宾语或者是其他的句子成分，都是完全不同的对象。
684,and-revised_db6f95_0041,1,,所以我们无法把它们合并成一个对象，只能用and来连接这两个独立的句子。我们重新看这两个例句会发现，前后它们的主语、谓语和其他的句子成分都不相同。
685,and-revised_db6f95_0042,1,,所以说，这两个句子都无法进行合并同类项的操作，只能用and来连接前后两个不同的句子，并且尽量用逗号隔开。
686,and-revised_db6f95_0043,1,,为什么说是最好或者是尽量用逗号去隔开呢？因为没有一个强制性的语法规则来规定必须要去这么做，但是绝大多数并列句的使用都会遵循这个用法。
687,and-revised_db6f95_0044,1,,除了以上这种情况，另外一种情况就是，如果我们用and前后连接的两个句子中，有的句子成分是同一个对象的情况下，那我们一般会合并前后两个句子中重复的对象。
688,and-revised_db6f95_0045,1,,也就是对整个句子来进行一个合并同类项的操作。
689,and-revised_db6f95_0046,1,,例如这个句子，the movie is long and the movie is boring。我们发现and前后连接的这两个句子，它们的主语和系动词都是相同的对象。
690,and-revised_db6f95_0047,1,,既然在前后句子中出现了相同对象的句子成分，那我们就可以进行一个合并同类项的操作。
691,and-revised_db6f95_0048,1,,"进行合并同类项之后，那这个句子就可以简写成the movie is long and boring,and在这里只需要连接两个不同的表语，long和boring"
692,and-revised_db6f95_0049,1,,我们把long and boring这个整体称作为并列表语。and还有一个作用，就是连接两个主语，或者是更多数量的主语。
693,and-revised_db6f95_0050,1,,也就是说，当主语是多个对象的时候，我们可以用and把它们连接起来，让它们成为一个整体，比如说Tom and Jerry are good friends。
694,and-revised_db6f95_0051,1,,在这个地方，主语就是Tom和Jerry两个对象。所以我们可以直接用and把这两个对象连接在一起，使其成为这个句子的主语。
695,and-revised_db6f95_0052,1,,如果主语是3个或者3个以上的对象，那我们不仅要用and来连接，而且还要用逗号把它们分隔开。
696,and-revised_db6f95_0053,1,,"比如说这个句子中的主语，Apple,Microsoft,Google,我们就是用逗号将这三个对象进行了分割。但是我们需要注意的是，"
697,and-revised_db6f95_0054,1,,被and连接起来的这几个主语，成为一个整体之后，它们被看作为复数，不再是一个单一的个体。
698,and-revised_db6f95_0055,1,,以上and所连接的名词都是专有名词，也就是专门代指某个个体或者群体名称的词。
699,and-revised_db6f95_0056,1,,因为如果使用and来连接好几个主语的话，经常会出现前后是专有名词的情况，可能会是几个人名，也有可能是几个地名，还有可能会是几个公司的名字。
700,and-revised_db6f95_0057,1,,但是如果我们用and连接的名词不是专有名词的情况下，那也遵循一样的道理，比如说下面这个句子的主语water and food
701,and-revised_db6f95_0058,1,,它们都是不可数名词，但是它们被and连接在一起之后同样也属于复数。
702,and-revised_db6f95_0059,1,,包括在接下来的这个例句中，时间、耐心和知识被and连接在一起之后，他们被看作是一个群体而不再是一个单一的个体，所以被整体看作为复数。
703,and-revised_db6f95_0060,1,,这也是为什么这几个句子里面的谓语用的都是系动词are而不是is。
704,and-revised_db6f95_0061,1,,因为is只有在主语是第三人称单数或者是单个不可数名词的时候才会被使用。
705,and-revised_db6f95_0062,1,,但是如果and它是专有名词的一部分，那么即使它连接的对象再多，也被看作为单一的个体。
706,and-revised_db6f95_0063,1,,"比如说很多人喜欢吃的西红柿炒鸡蛋，英文的表达方式就是tomato and egg scramble,虽然前后有and来连接，但是这本身就是一个专有的菜名。"
707,and-revised_db6f95_0064,1,,既然tomato and egg scramble被整体看作一个菜名，所以这里的系动词用的是is而不是are。再比如说老外非常喜欢吃的炸薯条就是fish and chips。
708,and-revised_db6f95_0065,1,,Fish and Chips被整体看作为一个菜名，所以就算有and连接，Fish and Chips也是被看作为一个单一的个体。
709,and-revised_db6f95_0066,1,,"大家注意一下这道菜名的读音，老外都是直接把这道菜连读成fish and chips,不会把这几个单词分开，念成fish and chips,这样会显得非常不自然。"
710,and-revised_db6f95_0067,1,,如果我们对这两个句子来进行一个结构分析的话，大家要注意，这两个专有名词不进行任何的拆分，因为and本身就是属于这两个专有名词的一部分。
711,and-revised_db6f95_0068,1,,好，以上就是and的主要用法，接下来我们看一下另外一个连词but。
712,binglieju_b84f44_0000,1,,并列句不论是结构还是定义，其实都非常简单，就是用连词连接两个或者多个句子，然后构成新的句子。
713,binglieju_b84f44_0001,1,,"其实刚才我们一直都在学习并列句。比如说这个例句，The sun set and the stars began to appear,就是一个很典型的并列句。"
714,binglieju_b84f44_0002,1,,"因为这个句子是由and前后连接的两个句子组合构成的一个新句子，所以说它是一个并列句。再比如说下面这个例句，Tony is clever but he is lazy,也是一样的道理。"
715,binglieju_b84f44_0003,1,,因为这个并列句是由连词but前后连接了Tony is clever和He is lazy这两个独立的句子而构成了一个新句子。所以说只要多个句子被连词连接成一个句子，那这个句子就是并列句。
716,binglieju_b84f44_0004,1,,例如下面这个句子，它也是一个并列句，因为这个并列句是由结构连词either or连接了两个句子之后而构成的一个新句子。
717,binglieju_b84f44_0005,1,,"但是这个时候，如果我们对这个句子来进行一个合并同类项的操作，简化成以下这个句子！Either you or he will be elected team leader,"
718,binglieju_b84f44_0006,1,,那这个简化之后的句子还是并列句吗？我们需要注意的是，连词必须前后连接的是两个句子才能被称为并列句。
719,binglieju_b84f44_0007,1,,"但在这里either or这个结构连词连接的是两个主语you和he,使其成为了一个并列的主语。"
720,binglieju_b84f44_0008,1,,也就是说在这个句子里面，连词连接的并非是两个句子，而是句子成分。所以说简化后的这个句子并不符合并列句的标准。
721,binglieju_b84f44_0009,1,,因为连词前后必须要连接句子，这是构成并列句的硬性标准。例如这个句子she bought apples and she bought bread.
722,binglieju_b84f44_0010,1,,and前后连接了两个句子，所以作为一个整体，这就是一个并列句。但是如果我们对这个句子来进行一个合并同类项的简化，那这个句子就变成了she bought apples and bread。
723,binglieju_b84f44_0011,1,,这个句子简化之后就不再是一个并列句，而是变成了一个简单句，为什么呢？
724,binglieju_b84f44_0012,1,,因为句子在简化之后，句子中的连词and不再是前后连接了两个句子，而是连接了两个句子成分apples和bread。
725,binglieju_b84f44_0013,1,,使其构成了一个并列的宾语而非是一个并列的句子。
726,binglieju_b84f44_0014,1,,除了以上我们所讲的特点，并列句还有另外一个特点，就是连词前后连接的句子，它们都是相互独立的，句子之间并没有任何的从属关系。例如这个句子，the rain stopped and the rainbow formed。
727,binglieju_b84f44_0015,1,,and前后连接的就是完全两个独立的句子，相互之间完全没有任何的从属关系和依赖关系。
728,binglieju_b84f44_0016,1,,并且如果我们去除并列句里面的任何一个句子，都不会对其他的句子造成影响，只会对原本整个句子所表达的信息量造成缩减。
729,binglieju_b84f44_0017,1,,"我们来看下面这个例句Johnny is a rich man but he never shows off,Johnny是个土豪，但他从来不炫耀"
730,binglieju_b84f44_0018,1,,"如果我们要对这个句子来进行一个删减，我们把but的后面这个句子删除，就指向Johnny is a rich man,虽然说后面的句子he never shows off被删除了，"
731,binglieju_b84f44_0019,1,,但是并没有对前面的句子造成任何的影响。Johnny is a rich man这个句子所表达的意思依然是Johnny是个土豪，没有任何的变化。
732,binglieju_b84f44_0020,1,,但是这个句子和删减之前的句子相比，所表达的信息量就减少了。因为这个句子只表达出了Johnny是个土豪，并没有表达出他从不炫耀。
733,binglieju_b84f44_0021,1,,但是如果我们删除的句子是but的前面的句子，那就只剩下了he never shows off这个句子。句子单独的意思没有任何变化，但是剩下的这部分，无法表达出他是个土豪，只能说明他不喜欢炫耀。
734,binglieju_b84f44_0022,1,,假设我们还是用火车车厢来类比这个句子，那么连词前后连接的句子就相当于是车厢，无论是多一个车厢还是少一个车厢。
735,binglieju_b84f44_0023,1,,都不会对其他的车厢造成影响。如果说这两个车厢我们去掉一个，那么剩下的车厢它的作用和运输量也不会受到任何的影响。但是对于火车整体的运输量来说肯定是减少了。
736,binglieju_b84f44_0024,1,,这就相当于在并列句中我们去掉了其中一个句子，虽然说其他的句子不会受到影响，但是句子所表达的信息量却减少了。
737,binglieju_b84f44_0025,1,,好，到此关于连词和并列句所有的内容我们就全都讲完了，非常感谢大家的观看，希望大家可以奉上自己的一键三连，毕竟你们的支持才是我可以持续更新的动力，好，我们下期再见。
738,but_8e9084_0000,1,,but最主要的作用就是用来表示事情的前后转折，用大白话来说，就是前一句话我在夸奖一个对象，后一句我就不夸了，我就开始骂。
739,but_8e9084_0001,1,,"刚开始，我先唱白脸，后面我就开始唱黑脸。比如说下面这个句子，Tony is smart, but he is lazy。Tony很聪明，但他很懒。"
740,but_8e9084_0002,1,,前半段话我还在夸Tony很聪明，但是后半段话我就直接说出了他的缺点，非常懒惰。这个聪明和懒惰形成了一个性格上的鲜明对比。
741,but_8e9084_0003,1,,属于先夸赞后贬低的转折性句式，由but来体现出句子的转折。
742,but_8e9084_0004,1,,but除了体现转折以外，其他的特点和and是一样的。就比如说我们现在看的这个例句，前后的主语和系动词都是一样的。
743,but_8e9084_0005,1,,"第二个句子里面的主语he代替的本来就是Tony,所以说是同一个对象。"
744,but_8e9084_0006,1,,既然主语和系动词都是相同的对象，那我们也可以对这个句子来进行一个合并同类项的操作。
745,but_8e9084_0007,1,,合并相同对象的句子成分之后那这个句子就变成了Tony is smart but lazy
746,but_8e9084_0008,1,,我们接下来再看一个类似的句子，
747,but_8e9084_0009,1,,在这个句子中，当时所处的环境是下雨，按理说这并不是一个出门购物的好时机。但是我们用but来进行了一个转折。
748,but_8e9084_0010,1,,即使在下雨的情况下，我们依然选择了出门购物，打破了人们固有的常规逻辑。
749,but_8e9084_0011,1,,下雨和出门购物在but的转折下形成了一个鲜明的对比。我们来认真观察一下这个句子，会发现But前后是完全两个独立的句子。
750,but_8e9084_0012,1,,也就是说，But前后这两个句子没有任何重复的句子成分，无法进行合并同类项的操作。
751,but_8e9084_0013,1,,如果一个句子是这种情况的话，那我们最好在连词but的前面加上一个逗号，对前后句子来进行一个分割。
752,but_8e9084_0014,1,,因为使用连词一个非常常规的操作就是，如果连词前后连接的句子有相同成分的情况下，我们一般都会进行一个合并同类项的操作。
753,but_8e9084_0015,1,,比如说下面这个句子she looks kind but actually Scheming。说白了就是这个句子进行了合并相同对象的句子成分简化之后的版本。好，以上这些就是转折词but的一个主要用法。
754,guanxifuci_5c1a5c_0000,1,,接下来呢，给大家补充一些我个人认为比较实用的技巧和知识点。第一个知识点就是任何定语都可以转换为定语从句。
755,guanxifuci_5c1a5c_0001,1,,我们来看这几个句子。在这几个句子里面，标红的成分都是定语，但是这几个定语它们都可以转换成定语从句的形式。
756,guanxifuci_5c1a5c_0002,1,,"就比如说第一个句子，定语只是一个形容词handsome,如果把这个handsome转换成定语从句的话，那就是who is handsome。"
757,guanxifuci_5c1a5c_0003,1,,前后对比一下这两个句子，我们会发现除了定语的形式变成了定语从句以外，
758,guanxifuci_5c1a5c_0004,1,,这个句子本身所想要表达的意思没有任何的变化，中文的意思都是在说很帅的那个男生Jim。
759,guanxifuci_5c1a5c_0005,1,,包括下面这两个句子中的in a blue coat和wearing sunglasses都可以转换成定语从句的形式。
760,guanxifuci_5c1a5c_0006,1,,"最后两个例句也遵循同样的道理。on the table就可以写成which is on the table,那black我们就可以写成which is black。"
761,guanxifuci_5c1a5c_0007,1,,所以说，不论这个定语它到底是什么样的形式，不管它是形容词，介词短语，还是非谓语动词，都可以转换成定语从句的形式。
762,guanxifuci_5c1a5c_0008,1,,但是如果这几个定语从句从右往左看的话，
763,guanxifuci_5c1a5c_0009,1,,我们会发现，其实左边的这几个句子就是右边的这几个定语从句省略了关系代词和它后面的be动词之后的结果。
764,guanxifuci_5c1a5c_0010,1,,"就比如说第一个句子，我们把定语从句中的who is省略掉之后就得到了that handsome boy is jim,和没有省略who is的定语从句所表达的意思完全一样。"
765,guanxifuci_5c1a5c_0011,1,,"再比如说这个句子，如果我们把which is省略掉，那就得到了the phone on the table is mine,和之前这个句子所表达的意思没有任何区别。"
766,guanxifuci_5c1a5c_0012,1,,由此我们可以得出第二个比较实用的知识点就是，如果定语从句的开头
767,guanxifuci_5c1a5c_0013,1,,是关系代词和be动词的这种组合，那么这个关系代词和它后面的be动词可以被省略。
768,guanxifuci_5c1a5c_0014,1,,接下来我们需要学习的第三个知识点是一个比较特殊的先行词。
769,guanxifuci_5c1a5c_0015,1,,为什么说这个先行词比较特殊呢？因为当这个名词成为先行词的时候，
770,guanxifuci_5c1a5c_0016,1,,也就是说，当这个名词它被定语从句所修饰和限定的时候，修饰和限定它的定语从句，不需要任何的引导词。
771,guanxifuci_5c1a5c_0017,1,,那这个比较特殊的先行词就是way。当way做先行词的时候，定语从句不需要有任何的引导词。
772,guanxifuci_5c1a5c_0018,1,,"就比如说下面这个句子，a disliked wish always criticizes me,这个例句来自于牛津词典，所以说相对来说比较权威。"
773,guanxifuci_5c1a5c_0019,1,,我们会发现在这个句子中修饰先行词way的定语从句，没有任何的引导词。
774,guanxifuci_5c1a5c_0020,1,,但是这样的话就跟从句最根本的属性出现了冲突。
775,guanxifuci_5c1a5c_0021,1,,因为从句最明显的特点，就是在这个从句的最前端要有一个引导词来引导这个句子。所以我当时觉得有点奇怪，然后去翻阅了很多比较权威的资料。
776,guanxifuci_5c1a5c_0022,1,,后来可以确定的是两件事情，第一件可以确定的事情，就是修饰先行词the way的定语从句，其实是有引导词的。
777,level_2_2beceb_0000,1,,关于定语从句的引导词可以分为两大类，关系代词和关系副词。好，那我们接下来先看一下关系代词。
778,level_2_2beceb_0001,1,,首先关系代词的分类，它是按照先行词的属性来进行分类的。这里的人、物还有人和物说的是先行词的属性，并非关系代词的属性。
779,level_2_2beceb_0002,1,,换句话说，就是我们具体要使用什么样的关系代词。需要先确定被定语从句所修饰的对象的属性。
780,level_2_2beceb_0003,1,,到底是人还是物？如果先行词是人的话，那我们就使用跟人相关的关系代词。
781,level_2_2beceb_0004,1,,如果说先行词不是人，是物的话，那我们就使用跟物相关的关系代词。那为什么要管这类定语从句的引导词叫做关系代词？
782,level_2_2beceb_0005,1,,关系说白了就是要和先行词去建立关系，通过和先行词建立关系将主句和从句联系到一起。
783,level_2_2beceb_0006,1,,而建立关系的方式就是用造出来的这个定语从句去修饰和限定先行词。定语从句的本质其实就是一个形容词。
784,level_2_2beceb_0007,1,,而先行词无非就是名词，所以说形容词修饰哪个名词，它就和哪个名词有关系。因为形容词和名词之间存在修饰和限定的关系。
785,level_2_2beceb_0008,1,,而关系代词中代词这两个字的含义，就是说明关系代词要代替先行词在定语从句中去做某个句子成分。
786,level_2_2beceb_0009,1,,好，那我们就先来看一下，当定语从句所修饰的对象是人的话，我们应该使用什么样的关系代词？
787,level_2_2beceb_0010,1,,"当先行词是一个代指人的名词的时候，我们主要使用两个关系代词，第一个是who,第二个是whom。"
788,level_2_2beceb_0011,1,,这两个关系代词的主要区别在于，它们在从句中能够做的句子成分不一样。
789,level_2_2beceb_0012,1,,who在从句中，能够做的句子成分主要有两个，主语和宾语。
790,level_2_2beceb_0013,1,,而宾语进一步细分的话，又可以分为动宾和介宾。动宾就是跟在动词后面的宾语，而介宾就是跟在介词后面的宾语。
791,level_2_2beceb_0014,1,,这个知识点我们在五大基本句型中讲过，所以说如果对这个知识点不太熟悉的话，
792,level_2_2beceb_0015,1,,大家可以多去看几遍《五大基本句型》那一期视频。因为如果《五大基本句型》相关的知识点掌握不熟练的话，
793,level_2_2beceb_0016,1,,那么这一期视频要讲的内容听上去可能不会那么容易。好，那接下来我们再看一下whom在从句中能够做什么样的句子成分。
794,level_2_2beceb_0017,1,,这个关系代词在定语从句中能够做的句子成分只有动宾和介宾。
795,level_2_2beceb_0018,1,,也就是说whom这个关系代词只能在定语从句中去做宾语这个句子成分，无法做其他的句子成分。
796,level_2_2beceb_0019,1,,"并且如果我们对比一下who和whom,会发现当who在定语从句中做宾语的话是可以被省略掉的，不论who在定语从句中是做动宾还是介宾都可以被省略。"
797,level_2_2beceb_0020,1,,但是whom在定语从句中，如果是做介宾的话，那么想要省略这个关系代词是有条件的，那具体是什么条件呢？我们先保留这个问题。
798,level_2_2beceb_0021,1,,接下来我们就学习一下who和whom这两个关系代词，如果要在定语从句中去做宾语的话，具体要如何使用。
799,level_2_2beceb_0022,1,,我们还是以造句的方式来展示一下这两个关系代词的使用方法，顺便总结一下造出一个定语从句的详细步骤。
800,level_2_2beceb_0023,1,,现在我们来造这么一个句子，乔丹是我很喜欢的篮球运动员。要造这个句子的第一件事情就是要先造出这个句子的主句，所以说我们需要先找到这个句子的主句。
801,level_2_2beceb_0024,1,,很简单，我们只需要去掉这个句子里面的定语从句，然后剩余的部分就是主句。而定语从句在这个句子中所对应的中文意思，就是形容词我很喜欢的。
802,level_2_2beceb_0025,1,,所以说我们只需要去掉这个形容词，我很喜欢的就可以得到这个句子的主句。
803,level_2_2beceb_0026,1,,去掉这个句子里面的形容词之后，那主句就是乔丹是篮球运动员，翻译成英文之后就是Jordan is a basketball player。
804,level_2_2beceb_0027,1,,接下来我们需要做的就是造出定语从句的原型。因为形容词的属性是词性，所以说它没有办法直接翻译成一个定语从句。
805,level_2_2beceb_0028,1,,所以说在我们把这个形容词翻译成定语从句之前，我们需要先把它转换成一个句子。
806,level_2_2beceb_0029,1,,并且转换之后的这个句子就是定语从句的原型，并且这个定语从句的原型必然是一个普通的句子，并不是从句。
807,level_2_2beceb_0030,1,,也就是说，这个句子的最前端是没有引导词来引导这个句子的。如果我们要找到定语从句的原型，那第一件我们需要去做的事情就是先去掉这个形容词的白勺的。
808,level_2_2beceb_0031,1,,也就是说我们需要先去掉它形容词的词性，然后才能把它转换成句子。
809,level_2_2beceb_0032,1,,去掉这个形容词的白勺的之后，我们需要先观察一下剩下的部分，它到底能不能构成一个完整的句子。
810,level_2_2beceb_0033,1,,也就是说我们需要观察一下剩下的内容到底缺不缺要构成一个完整句子的必要成分。
811,level_2_2beceb_0034,1,,我很喜欢的这个形容词在去掉了白勺的之后就只剩下了我很喜欢。
812,level_2_2beceb_0035,1,,然后我们检查一下我很喜欢到底是不是一个完整的句子。
813,level_2_2beceb_0036,1,,在这个句子里面，动词喜欢是谓语，我则是这个句子的主语。
814,level_2_2beceb_0037,1,,而喜欢这个动词，它是一个及物动词。及物动词最为主要的特点就是它的后面必须要有一个宾语。
815,level_2_2beceb_0038,1,,所以说，当前如果想构成一个完整的句子，还缺少一个宾语，只有把这个缺少的宾语补充上之后，它才能够成为一个完整的句子。
816,level_2_2beceb_0039,1,,那问题来了，我们需要用什么来补充这个句子所缺少的宾语？
817,level_2_2beceb_0040,1,,其实答案非常简单，那就是先行词。所以说接下来我们需要做的就是先找到这个句子里面的先行词，然后用这个先行词去补充这个句子中所缺失的宾语。
818,level_2_2beceb_0041,1,,先行词的特点非常简单，就是被定语从句所修饰的那个对象。
819,level_2_2beceb_0042,1,,在这个中文的句子里面，要被翻译成定语从句的部分就是我很喜欢的这个形容词。
820,level_2_2beceb_0043,1,,他所修饰和限定的对象就是篮球运动员。所以说篮球运动员就是我们要找的那个先行词。
821,level_2_2beceb_0044,1,,我们这里需要注意一下，在这个句子里面，先行词它并不是乔丹。
822,level_2_2beceb_0045,1,,因为乔丹在这个句子里面，他并没有被形容词所修饰和限定，所以说乔丹他肯定不是先行词。
823,level_2_2beceb_0046,1,,接下来，我们就把先行词篮球运动员放在宾语的位置上，来补全这个句子。
824,level_2_2beceb_0047,1,,然后就构成了一个完整的句子，我很喜欢这个篮球运动员。翻译成英文就是I really like the basketball player.
825,level_2_2beceb_0048,1,,这个句子就是我们想要的那个定语从句的原型。得到了定语从句的原型之后，那我们接下来需要做的就是把这个定语从句的原型改造成我们想要的那个定语从句。
826,level_2_2beceb_0049,1,,首先，定语从句最为明显的特征就是定语从句的最前端必然会有一个引导词来引导这个句子。
827,level_2_2beceb_0050,1,,而对于这个定语从句的原型，我们即将要使用的引导词，它必须要起到这么一个作用。
828,level_2_2beceb_0051,1,,那就是能够代替这个定语从句原型中的先行词，也就是说我们需要使用一个符合条件的关系代词。
829,level_2_2beceb_0052,1,,"那具体要用哪一个关系代词呢？在确定这个之前，我们先来看一下这个先行词的属性。先行词是the basketball player,很明显这是一个跟人有关的名词。"
830,level_2_2beceb_0053,1,,并且The basketball player在句子中做了宾语这个句子成分。所以说，如果我们找到合适的关系代词替换掉这个先行词之后，
831,level_2_2beceb_0054,1,,那么这个关系代词，它也需要在定语从句中去做宾语这个句子成分。
832,level_2_2beceb_0055,1,,"在这种情况下，我们能够使用的关系代词主要有两个，一个是who,一个是whom。"
833,level_2_2beceb_0056,1,,因为它们都可以在定语从句中去做宾语这个句子成分，并且只有当先行词是人的时候它们才会被使用。
834,level_2_2beceb_0057,1,,那接下来我们就用关系代词who或者whom去替换掉这个句子里面的先行词，然后就得到了这么一个句子，I really like who whom。
835,level_2_2beceb_0058,1,,然后我们需要做的事情就是把who或者whom提前到定语从句的最前面。
836,level_2_2beceb_0059,1,,因为who和whom这两个关系代词的属性都是定语从句引导词。
837,level_2_2beceb_0060,1,,既然是从句的引导词，那么就需要放到从句的最前端，因为从句最为明显的特征，就是从句的最前端要有一个引导词来引导这个句子。
838,level_2_2beceb_0061,1,,最后一件我们需要做的事情就是把造好的定语从句放在先行词的后面，让这个从句去做这个先行词的后置定语。
839,level_2_2beceb_0062,1,,然后整个造句的过程就结束了，我们就造出了我们想要的这个英文句子。那完整版的句子就是 Jordan is a basketball player who I really like.
840,level_2_2beceb_0063,1,,定语从句who I really like所对应的中文意思就是我很喜欢的这个形容词。
841,level_2_2beceb_0064,1,,通过以上这几个步骤，我们就用定语从句造出了我很喜欢的这个形容词。
842,level_2_2beceb_0065,1,,如果我们现在要对这个句子来进行一个结构分析的话，那很明显定语从句在整个句子中所做的句子成分就是定语。
843,level_2_2beceb_0066,1,,并且如果我们要对这个句子中的定语从句来进行一个句子成分拆解的话，
844,level_2_2beceb_0067,1,,那么最好先去做这么一件事情，就是把关系代词who或者whom放回它原来的位置，也就是说最好把关系代词重新放回到宾语的位置上。
845,level_2_2beceb_0068,1,,但是很多人可能会遇上一个问题，不知道关系代词who或者whom他们在句子中原本的位置是在什么地方。如果遇到这种情况，我们可以先把关系代词还原为它所代替的那个先行词。
846,level_2_2beceb_0069,1,,就比如说在这个定语从句中，who或者whom他们的作用就是代替先行词the basketball player。
847,level_2_2beceb_0070,1,,"所以说我们可以先把who或者whom还原成先行词the basketball player,然后我们就能够轻易地找出先行词the basketball player在句子中所在的位置。"
848,level_2_2beceb_0071,1,,很明显他应该是跟在like的后面去做了这个句子的宾语。所以说关系代词在这个定语从句中所做的句子成分自然就是宾语。
849,level_2_2beceb_0072,0,老师删除,因为毕竟关于代词所起到的作用就是先行词的提升。
850,level_2_2beceb_0073,1,,把关系代词还原成先行词，并且放回它在从句中原本的位置。然后所得的句子，我们就把它称作为定语从句的原型。
851,level_2_2beceb_0074,1,,学会如何去把一个定语从句还原成它的原型真的非常重要，因为这样可以让我们更加透彻的去理解定语从句的本质和作用。根据前几页PPT里面所讲过的内容，
852,level_2_2beceb_0075,1,,关系代词在定语从句中，如果是做宾语这个句子成分的话，那么这个关系代词在从句中可以直接被省略。
853,level_2_2beceb_0076,1,,而在这个定语从句中，who或whom所做的句子成分就是宾语。
854,level_2_2beceb_0077,1,,既然他们在定语从句中做了宾语这个句子的成分，那么关系代词就可以被省略掉，简写成 Jordan is a basketball player I really like.那这个时候我就突然有了这么一个问题，
855,level_2_2beceb_0078,1,,既然关系代词who和whom都可以在定语从句中去做宾语这个句子成分，那么whom存在的意义是什么？
856,level_2_2beceb_0079,1,,那我们接下来就再造一个定语从句，来学习一下关系代词whom的作用。我们来看这个句子，Lucy正在寻找的那个人刚刚离开。
857,level_2_2beceb_0080,1,,按照我们已经总结好的造句步骤，第一步还是先去掉定语从句。
858,level_2_2beceb_0081,1,,然后造出我们想要的主句。那在这个中文的句子里面所对应的定语从句就是这个形容词Lucy正在寻找的
859,level_2_2beceb_0082,1,,剩余的部分，那个人刚刚离开，则是这个句子的主句。然后我们把这个主句翻译成英文，那就是That man just went away。
860,level_2_2beceb_0083,1,,那接下来我们要做的事情就是去造出这个定语从句的原型。也就是说我们需要把这个中文的形容词先转换成一个句子。
861,level_2_2beceb_0084,1,,第一件我们需要做的事情，就是先去掉这个形容词的白勺的，然后看一下剩余的内容需要补充什么样的句子成分，才能构成一个完整的句子。
862,level_2_2beceb_0085,1,,去掉白勺的之后，那原来的这个形容词就变成了Lucy正在寻找。
863,level_2_2beceb_0086,1,,但是很明显，这个句子它还缺少一个被寻找的对象才能构成一个完整的句子。
864,level_2_2beceb_0087,1,,也就是说，寻找这个动词的后面需要有一个宾语才能构成一个完整的句子。那要由谁来补充这个缺少的宾语呢？那肯定是先行词。
865,level_2_2beceb_0088,1,,在这个中文的句子里面，我们很容易就能够找到先行词，先行词就是那个人，就是被Lucy正在寻找的这个形容词所修饰和限定的对象。
866,level_2_2beceb_0089,1,,然后我们把先行词放在宾语的位置，也就是正在寻找这个动词的后面。
867,level_2_2beceb_0090,1,,那就出现了一个新的句子，Lucy正在寻找那个人，而这句话就是中文版的定语从句原型。
868,level_2_2beceb_0091,1,,然后我们把这个中文版的定语从句原型翻译成英文，那就是Lucy is looking for that person。那接下来我们就要把这个定语从句的原型转换成定语从句。
869,level_2_2beceb_0092,1,,把定语从句原型转换成定语从句的关键，就是找到合适的关系代词去替换掉这个句子里面的先行词。
870,level_2_2beceb_0093,1,,"我们先来观察一下这个先行词的属性，首先that person他肯定是一个人，并且跟在了介词for的后面，做了介词宾语，那这个时候我们就有两个选项，一个是who,另外一个是whom。"
871,level_2_2beceb_0094,1,,"所以接下来我们就用who或者whom来替换掉先行词that person,然后这个句子就变成Lucy is looking for who或者whom。"
872,level_2_2beceb_0095,1,,紧接着，我们只需要把关系代词who或者whom提前到定语从句的最前端，然后我们就造出了符合条件的定语从句。
873,level_2_2beceb_0096,1,,Whom Lucy is looking for所对应的中文意思就是Lucy正在寻找的这个形容词。
874,level_2_2beceb_0097,1,,如果我们再重新观察一下这个定语从句，以及这个定语从句的原型。
875,level_2_2beceb_0098,1,,我们会发现，that person跟在了介词for的后面做了介词宾语这个句子成分。而根据我们前几页PPT里面所学过的内容，
876,level_2_2beceb_0099,1,,"代替先行词that person的who和whom,如果是在定语从句中做了介词宾语，关系代词who可以被无条件省略。"
877,level_2_2beceb_0100,1,,但是whom这个关系代词，正如我们之前所讲的，想要省略是有条件的。为什么呢？
878,level_2_2beceb_0101,1,,因为关系代词whom它有一个独有的特点，尤其是在做介词宾语的时候，那这个独有的特点就是whom能够和介词一起提前到定语从句的最前端。
879,level_2_2beceb_0102,1,,也就是说关系代词whom能够和它前面的这个介词作为一个整体，以一个介词短语的方式放在定语从句的最前面。
880,level_2_2beceb_0103,1,,"所以说这个定语从句还可以以另外一种形式展示出来，那就是for whom Lucy is looking,这个定语从句所代表的意思和whom Lucy is looking for是完全一样的，没有任何的区别。"
881,level_2_2beceb_0104,1,,"但是当先行词是人的时候，能够跟介词一起提前到定语从句句首的关系代词只有whom,并且whom和介词被一起放在定语从句句首的时候，"
882,level_2_2beceb_0105,1,,虽然说whom在这个地方所做的句子的成分依然是介词宾语，但是在这种情况下，它是没有办法被省略的。最后我们需要做的事情就是把定语从句放在先行词的后面。
883,level_2_2beceb_0106,1,,除了已经造好的这两个定语从句以外，还有第三个版本的定语从句，那就是直接省略掉了关系代词的定语从句，Lucy is looking for
884,level_2_2beceb_0107,1,,相比之下，第一个最为正式，这种形式的定语从句最经常出现在比较官方和正式的书面写作中。而第二个定语从句是最符合人们使用习惯的一种形式。
885,level_2_2beceb_0108,1,,这种形式不论是在书写中还是在口语中都比较常见。第三个定语从句相比于前两个它省略了关系代词。这种形式在口语中是最为常见的一种使用方式。
886,level_2_2beceb_0109,1,,所以说大家如果是想在非常正式的条件和情况下使用定语从句的话，例如在书面写作中或者比较正式的文件中，
887,level_2_2beceb_0110,1,,选择前两个定语从句的形式可能会更加合适。而最后一种省略了关系代词的定语从句，相比于前两个，它的随意性更强。
888,level_2_2beceb_0111,1,,更多适用于口语对话和打字交流这种非正式的情况。
889,level_2_2beceb_0112,1,,好，以上就是整个造句的过程。
890,level_2_2beceb_0113,1,,通过造这个句子，我们会发现，whom这个关系代词存在了一个非常重要的意义，就是和介词作为一个整体放在定语从句的最前端。
891,level_2_2beceb_0114,1,,并且只有whom这个关系代词能够和介词一起提前到定语从句的最前端。
892,level_2_2beceb_0115,1,,如果把whom换成who的话，那么这个句子就会出现语法错误。
893,level_2_2beceb_0116,1,,所以说，当先行词是人的时候，只有whom可以和介词一起提前，其他的关系代词都没有这个功能。
894,level_2_2beceb_0117,1,,这里给大家提供了几个介词和关系代词一起被放在定语从句句首的例子，大家自行观看即可。
895,level_2_2beceb_0118,1,,在观看这几个例句的时候，如果对这几个例句中的定语从句的理解感到非常困惑和不解的话，那我们可以来做这么一件事情来解除我们的困惑。
896,level_2_2beceb_0119,1,,就是把关系代词还原为它所代替的那个先行词。
897,level_2_2beceb_0120,1,,把介词和先行词组合而构成的介词短语放回它们原本的位置。
898,level_2_2beceb_0121,1,,通过这种方式，我们就可以得到定语从句的原型，以此来解决我们对定语从句所有的不解和困惑。
899,level_2_2beceb_0122,1,,好，既然说到了介词，那我们就来了解一下介词的性质和作用。我们平时最经常用到的介词主要就是这几个。
900,level_2_2beceb_0123,1,,从性质方面来讲的话，介词后面只能接名词或者是代词。跟在介词后面的这个名词或者是代词，属于是宾语。
901,level_2_2beceb_0124,1,,因为是跟在介词后面，所以我们又称它为介词宾语。那相比之下，跟在及物动词后面的宾语就叫做动词宾语，简称为动宾。
902,level_2_2beceb_0125,1,,这两者的主要区别就在于介宾是跟在介词的后面，而动宾则是跟在动词的后面。关于介词很重要的一个作用，就是跟不及物动词组合构成一个动词短语。
903,level_2_2beceb_0126,1,,起到和及物动词差不多的作用。比如说这个例句，Jason lives in a small city
904,level_2_2beceb_0127,1,,live本身属于是不及物动词，但是live和介词in构成一个动词短语之后，其作用就相当于是一个及物动词，表示住在某个地方。
905,level_2_2beceb_0128,1,,"而紧跟在lives in后面的small city,则是做了lives in这个动词短语的宾语，并且由于是紧跟在介词in的后面。"
906,level_2_2beceb_0129,1,,所以说a small city在这句话里面所做的句子成分就是一个介词宾语。
907,level_2_2beceb_0130,1,,除了以上这个作用以外，介词的后面一般会紧跟着一个名词或者是一个代词，构成一个介词短语。
908,level_2_2beceb_0131,1,,然后这个介词短语可以在句子中做定语、状语、表语或者是宾语补足语。
909,level_2_2beceb_0132,1,,例如这个句子中的of that company就是以一个介词短语的方式来做定语修饰目标，the objective。
910,level_2_2beceb_0133,1,,第二个句子中的at weekend则是做了时间状语，来说明要去长城的时间是什么时候。
911,level_2_2beceb_0134,1,,介词除了以上这种常见的形式以外，还会以复合介词的方式出现，也就是说介词可以是两个或者两个以上单词组合而构成的复合词。
912,level_2_2beceb_0135,1,,"例如我们经常见到的due to和because of,它们就属于两个非常典型的复合介词。"
913,level_2_2beceb_0136,1,,这两个复合介词所构成的介词短语经常会在句子里面做原因状语。再比如说in front of也是一个常见的复合介词，所构成的介词短语经常会在句子中做地点状语。
914,level_2_2beceb_0137,1,,好，以上这些就是介词的主要作用和性质。
915,level_2_2beceb_0138,1,,接下来，我们学习一下可以代指物的关系代词，which。
916,liancihebingyuanli_2a7cf0_0000,1,,好，关于最常见的几个连词的用法和主要内容，我们就全都学完了。但是刚刚在讲的过程中，我一直有一个疑问。
917,liancihebingyuanli_2a7cf0_0001,1,,那就是为什么同属性的句子成分用连词连接之后可以被看作是一个整体。比如说我们刚刚学过的这个句子，这里面的两个谓语经过连词连接之后就可以被看作是一个整体。
918,liancihebingyuanli_2a7cf0_0002,1,,叫做并列谓语，而下面这个句子中被连词连接起来的部分，就被称作为并列宾语。那为什么连词就拥有这个功能，可以把几个句子成分连接成一个整体呢？
919,liancihebingyuanli_2a7cf0_0003,1,,在得出这个问题的答案之前，我们先来参考一下火车车厢的作用。比如说这个火车，车厢的作用就是用来运输货物，单个车厢的作用是运输货物。
920,liancihebingyuanli_2a7cf0_0004,1,,多个车厢合在一起之后，它们的作用也是运输货物。
921,liancihebingyuanli_2a7cf0_0005,1,,但是如果我们想把多个车厢结合在一起，那么就得用锁链来连接每个车厢，把它们连接为一个整体，只有这样它们才能共同发挥作用，以此来运输更多的货物。
922,liancihebingyuanli_2a7cf0_0006,1,,在这个过程中，如果没有锁链把车厢连在一起的话，那么即使有再多的车厢也起不到任何的作用。
923,liancihebingyuanli_2a7cf0_0007,0,老师删除,"所以说，如果我们把句子成分比喻成火车车厢的话，那么锁链就相当于是链磁，可以把相同作用的句子成分连接成一个整体，比如说这个句子按E10 Apple,"
924,liancihebingyuanli_2a7cf0_0008,1,,宾语Apple的作用就是承受吃这个动作，而在这个句子中，宾语Orange的作用也是承受吃这个动作。
925,liancihebingyuanli_2a7cf0_0009,1,,如果我们用and把它们连接起来之后，apple和orange依然还是要被吃掉。所以这就是为什么我们会把an apple and an orange称作为并列宾语。
926,liancihebingyuanli_2a7cf0_0010,1,,因为把它们合在一起之后，它们还是要承受吃这个动作。在这个过程中，Apple和Orange就相当于是这两个车厢。
927,liancihebingyuanli_2a7cf0_0011,1,,而AND就相当于是连接这两个车厢的锁链，可以让它们作为一个整体在句子中发挥作用。
928,liancihebingyuanli_2a7cf0_0012,1,,好，以上就是为什么连词可以把相同属性的句子成分连接为一个整体的原因。最后我们再来看一下和连词紧密相关的并列句。
929,nor_7fe8e1_0000,1,,"那最常见的一种使用方式，就是和neither搭配在一起使用，构成一个结构性连词，neither nor,想表达的意思就是对两个并列的对象进行双重否定。"
930,nor_7fe8e1_0001,1,,表示既不也不。并且我们在使用这个结构的时候，大家一定要记住
931,nor_7fe8e1_0002,1,,谓语到底是要用单数形式还是复数形式，由靠着谓语最近的那个对象来决定，也就是说主谓一致，要遵循就近原则。
932,nor_7fe8e1_0003,1,,"例如这个句子，neither students nor the teacher is aware of this movie,意思就是不论学生还是老师都不知道这部电影。"
933,nor_7fe8e1_0004,1,,虽然说neither-nor结构连接了两个主语，第一个是the students复数，第二是the teacher单数。
934,nor_7fe8e1_0005,1,,但是the teacher是靠着谓语最近的一个对象，所以这里的系动词我们使用了is而不是are。
935,nor_7fe8e1_0006,1,,neither nor这个结构除了能够连接主语以外，还可以连接谓语和其他的句子成分。但是只要是用这个结构连词，那么基本上就得同时否定两个对象。
936,nor_7fe8e1_0007,1,,"并且大多数情况下只能是两个对象，多一个或者少一个都不行，比如说这个句子I can neither sing nor dance,我既不会唱歌也不会跳舞。"
937,nor_7fe8e1_0008,1,,就是对这两个谓语动词唱歌和跳舞进行双重否定，表示这两件事情我都不会。
938,nor_7fe8e1_0009,1,,再比如说下面这个句子，用neither-nor来连接work和test这两个并列的宾语，表示工作和考试他们都不想要好。以上就是neither-nor的主要使用方法。
939,nor_7fe8e1_0010,1,,如果我们对以上这三个例句进行一个句子结构分析的话，
940,nor_7fe8e1_0011,1,,那么我们需要知道的是neither和nor这两个连词不做任何的句子成分，它们只是连词只起到连接句子成分的作用。被连词连接起来的句子成分一般会被看作为一个整体，
941,nor_7fe8e1_0012,1,,拥有和被连接起来的句子成分相同的属性，比如第一个句子中的主语，被连接起来之后整体还是被看作为主语。
942,nor_7fe8e1_0013,1,,第二个句子的这两个宾语被连词连接起来之后，整体还是被看作为是一个宾语。
943,nor_7fe8e1_0014,1,,包括最后一个句子中的谓语也是一样的道理。
944,nor_7fe8e1_0015,1,,接下来我们就了解一下连词nor的第二个作用。
945,nor_7fe8e1_0016,1,,那就是延续否定的含义，也就是说上一个句子的语气是否定的。如果后一个句子由连词nor来连接，那么语气也是否定的，并且由nor来连接的句子需要使用倒装的形式。
946,nor_7fe8e1_0017,1,,"我们来看一个例句，she didn't call, nor did she text me?翻译成中文就是，她没有给我打电话，也没有给我发信息。nor后面连接的这个句子，不仅要承接上一个句子否定的语气，而且还需要使用倒装。"
947,nor_7fe8e1_0018,1,,这里的倒装非常简单，我们只需要提前和时态所对应的助动词就可以了。
948,nor_7fe8e1_0019,1,,比如说下面这个句子，跟在后面的这个句子实现倒装的方式，只需要把do放在主语I的前面，而do则是和一般现在时相关的助动词。
949,nor_7fe8e1_0020,1,,其实我们会发现，这个用法和neither nor所表达的意思几乎没有什么区别，所以我们用neither nor这个句式也能表达出相同的意思。
950,nor_7fe8e1_0021,1,,例如第一个例句，如果我们使用这个句式来重写这个例句，那这个句子就变成了She never called nor text me.
951,nor_7fe8e1_0022,1,,"第二个句子如果也用neither nor这个句式来改写的话，那就是I neither like horror movies nor enjoy thrillers,和原来的句子所表达的意思也没有什么区别。"
952,nor_7fe8e1_0023,1,,既然这个句式可以转换成neither-nor句式，那么同理之下，使用neither-nor这个句式造出来的句子也可以转换成否定句、nor加倒装句的形式。那接下来我们就拿上面这两个例句来试验一下。
953,nor_7fe8e1_0024,1,,"第一个例句进行转换之后，就可以写成I cannot sing, nor can I dance。第二个句子转换之后就是They don't want work, nor do they want tests."
954,nor_7fe8e1_0025,1,,转换之后的这两个句子所表达的意思和原句基本上是一样的，几乎没有什么区别。
955,or-revised_fa8bba_0000,1,,or的第一个作用就是进行选择，就像我们要去做一个选择题，有两个选项，A选项和B选项，而我们需要在这两个选项里面做出一个选择，选择一个我们认为正确的选项。
956,or-revised_fa8bba_0001,1,,一般在这种情况下，or被翻译或者还是，我们来看这个句子Do you want milk tea or coffee?这句话所表达的意思就是说喝奶茶还是喝咖啡
957,or-revised_fa8bba_0002,1,,我们需要在奶茶和咖啡这两个选项里面选择一个。所以在这里我们使用了连词or来连接奶茶和咖啡。
958,or-revised_fa8bba_0003,1,,当然作为一个选择性连词，or不仅仅只可以连接两个句子成分。
959,or-revised_fa8bba_0004,1,,"两个或者更多数量的同属性句子成分都可以使用or来连接，比如说下面这个例句Will you go hiking, play basketball, or stay home playing games at the weekend?就是说周末到底要去爬山打篮球还是宅在家里玩游戏"
960,or-revised_fa8bba_0005,1,,这三个活动选项，我们需要选择一个作为我们周末要去做的事情。所以我们使用了选择连词，or来连接这三个选项。以上这两个句子都属于疑问句。
961,or-revised_fa8bba_0006,1,,在陈述句里面，如果我们要对多个选项来进行一个选择的话，也可以使用or来连接这几个选项。例如下面这个句子，You can call him Dr.Banner or Hulk.你可以叫他Banner博士或者是浩克。
962,or-revised_fa8bba_0007,1,,我们现在回顾一下这三个句子，会发现在陈述句里面，如果我们把连词or翻译成中文的话，一般翻译为或者。
963,or-revised_fa8bba_0008,1,,而在疑问句里面，我们一般把or翻译为还是。好，接下来我们看一下or的第二个作用，那就是在否定句中代替and。
964,or-revised_fa8bba_0009,1,,"例如这个句子I smoke and drink,在这个句子中我们用and连接了两个动词smoke和drink,很明显这是一个肯定句。"
965,or-revised_fa8bba_0010,1,,"但是如果我想说一个否定句，我不抽烟，也不喝酒，那这个时候我们就要把连词and换成or。在这个否定句里面，or所起到的作用就相当于是and,连接smoke和drink,成为一个并列的成分。"
966,or-revised_fa8bba_0011,1,,我们仔细观察一下这个句子，I don't smoke or drink。这很明显是一个合并同类项简化之后的句子。如果我们把这个句子还原成简化之前的句子，
967,or-revised_fa8bba_0012,1,,那就是I don't smoke and I don't drink。大家注意一下，在这种情况下，我们不但使用连词or来连接这两个句子，而是继续使用and。
968,or-revised_fa8bba_0013,1,,"如果我们要用or来代替and,那么需要满足两个条件。第一个条件就是or前后连接的并列成分必须是否定的语气。第二个条件就是or要连接的成分是无法进行合并的成分。"
969,or-revised_fa8bba_0014,1,,"比如说smoke和drink,它们属于同属性的句子成分，都是谓语，但是它们并不是相同的对象，所以无法进行合并。"
970,or-revised_fa8bba_0015,1,,"比如说这个句子，合并相同对象的句子成分之后，就变成了they don't want toys or candy,他们不想要玩具和糖果。"
971,or-revised_fa8bba_0016,1,,"在简化的这个句子中，我们会发现这个句子的语气是一个否定的语气。其次，连词or所连接的两个句子成分toys和candy,它们没有办法进行一个合并同类项的操作。"
972,or-revised_fa8bba_0017,1,,虽然它们都做了句子的宾语，但是它们是属于两个不同的对象。
973,or-revised_fa8bba_0018,1,,好，我们再来看一下or的第三个作用，第三个作用主要是用来威胁警告，就是说如果你不去做这件事，那就会发生另外一件事。
974,or-revised_fa8bba_0019,1,,这种用法的语气相对来说比较严肃，例如在下面这个句子中，or所起到的作用就是想说明如果你不写作业，那就不能玩游戏。
975,or-revised_fa8bba_0020,1,,也就是说，前面的事情，写作业如果不妥协，那后面的事情，不能玩游戏就会发生。
976,or-revised_fa8bba_0021,1,,"包括在这个句子中，take an umbrella or you'll get wet,也是想说明如果我们不带伞，那就会被淋湿。好，除了以上这三种用法以外，还有一个很常见的用法，"
977,or-revised_fa8bba_0022,1,,"就是和either构成一个比较固定的搭配，either or,这个句型想表达的意思，就是说要么a要么b。"
978,or-revised_fa8bba_0023,1,,比如说这个句子，tonight we are going to eat at either hot pot or barbecue.
979,or-revised_fa8bba_0024,1,,翻译出来就是，今晚我们要么吃火锅，要么吃烧烤。如果我们要对这个句子来进行一个结构分析的话，大家一定要注意，either和or在这个句子里面都是连词。
980,or-revised_fa8bba_0025,1,,并不担当任何的句子成分，并且这个句子属于是一个合并同类项简化之后的句子，简化之前的句子则是这个样子，
981,or-revised_fa8bba_0026,1,,Either和or的位置都是在句子的最前端。但是在合并简化之后，我们可以调整Either的位置，让句子变得更加通畅。
982,or-revised_fa8bba_0027,1,,一般情况下，只要连词前后连接的句子中有相同对象的句子成分，基本上都会进行一个合并同类项的操作。再比如说下面这个句子，
983,or-revised_fa8bba_0028,1,,我们经过合并前后句子中重复的成分之后，这个句子就可以简写成either you or he will be elected team leader
984,or-revised_fa8bba_0029,1,,关于这两个句子的结构分析，这儿也给大家整理好了，大家自行观看即可。接下来我们学习一下另外一个连词so的用法。
985,so_d17b74_0000,1,,so的主要作用就是表达直接的结果或者结论。也就是说当一个动作或者事情导致了另外一个结果的时候，我们就用so来连接后面的句子表示因此所以。
986,so_d17b74_0001,1,,例如这个句子I missed the bus so I had to take a taxi。我错过了公交所以我不得不打车。不得不打车是由于错过了公交而导致的直接结果。
987,so_d17b74_0002,1,,所以我们在这里直接使用了so来连接了后面的句子，以此来表示前面的句子所导致的结果。
988,so_d17b74_0003,1,,"再比如说这个句子，she forgot the keys, so she couldn't get into the house。无法进入房子是因为她忘记带钥匙而导致的直接结果。所以我们在这里使用了连词so来连接了表示结果的句子。"
989,so_d17b74_0004,1,,so这个连词使用不像其他的连词，因为其他的连词前后所连接的句子可以进行一个合并相同成分的操作。
990,so_d17b74_0005,1,,但是so不行，so所连接的前后句子是没有办法进行合并同类项这种操作的，即使前后句子中某个成分是同一个对象。
991,so_d17b74_0006,1,,"例如在第一个句子中，前后的主语都是I。如果我们把这个句子来进行合并，然后简化成I missed the bus so had to take a taxi,那这个句子就是一个错误的句子，是一个病句。"
992,so_d17b74_0007,1,,因为so前后所连接的句子无法进行合并同类项这种操作。
993,so_d17b74_0008,1,,包括第二个例句，so所连接的前后两个句子的主语都是she。
994,so_d17b74_0009,1,,如果我们把这个句子中的前后主语合并成一个的话，那么这个句子也是错的。所以说大家一定要注意，so前后所连接的句子无法进行合并成分的操作。
995,so_d17b74_0010,1,,并且so前后连接的句子一定要用逗号隔开，有时候也会用分号来分隔，用分号来分隔前后句子的情况相对来说比较少见。
996,so_d17b74_0011,1,,但是并不代表没有，比如说这个例句，就是用分号隔开了前后两个句子。
997,so_d17b74_0012,1,,好，以上这些就是连词so的主要用法，接下来我们学习一下最后一个连词，nor。
998,yet_11c752_0000,1,,"接下来我们学习一下另外一个转折词yet,这个词跟but的区别并不是很大，它属于加强版的but,会更加突出和强调前后句之间的矛盾。"
999,yet_11c752_0001,1,,让前一个句子和后一个句子的转折变得更加明显。为了更好地了解它们之间的主要差别，我们来进行一个场景的代入。我们先来看第一个场景。
1000,yet_11c752_0002,1,,男生对一个女生说，我有钱有车有房。然后女生说，but我就是不喜欢你。
1001,yet_11c752_0003,1,,but在这个句子里面就是直接拒绝，没有悬念，这就是一个比较简单的转折，没有过于突出和强调前后句之间的矛盾。
1002,yet_11c752_0004,1,,但是如果这个事情的矛盾它更加突出的情况下，那么使用yet来表达前后句的转折会更加合适。
1003,yet_11c752_0005,1,,"比如说在这个场景中，男生天天给女生送花送包送钻戒，然后女生说，Yet,我就是不心动，我们之间不合适，"
1004,yet_11c752_0006,1,,在这里的转折词yet用来强调你做了这么多，但是我却依然无感，突出了这种巨大的反差。
1005,yet_11c752_0007,1,,所以说这个句子造出来的就是he did everything yet I still don't care
1006,yet_11c752_0008,1,,通过以上这两个场景，我们可以看出，yet和but的主要区别，就是but只是普通拒绝，单纯的只是想强调转折，用那种很普通的语气来说，你很好，但是我们不合适。
1007,yet_11c752_0009,1,,而相比之下，yet就要突出前后句之间的强烈反差，要展现出竭尽了全力但是依然没有结果，一定要突出事情的意外和不合理性，来表现出努力和失败之间的强烈对比。
1008,yet_11c752_0010,1,,好，以上这些就是yet的主要用法，接下来我们就学习一下连词or的用法。
