行号	id	原来的文字	纠正后的文字	原因
38	0006_9498bb_0037	这个句子翻译成中文，就是它是那种人人都会尊重的医生，相比于原来的句子，这个句子更加突出人物的类型，强调这个医生是受人尊重的类人。	这个句子翻译成中文，就是它是那种人人都会尊重的医生，相比于原来的句子，这个句子更加突出人物的类型，强调这个医生是受人尊重的那类人。	「受人尊重的类人」少了「那」
173	0007_d8ade5_0029	第二种就是单独只把位置提前到句首的定语从句。	第二种就是单独只把which提前到句首的定语从句。	「位置」是 which 听错了
210	0007_d8ade5_0066	好以上就是限定性定语从句和非限定性定语从句的主要区别。	好以上就是限定性定语从句和非限定定语从句的主要区别。	按母本：非限定定语从句
212	0007_d8ade5_0068	首先，that这个关系代词，在定语从句中，不论是主语、宾语还是表语，它都可以去做，并且在大多数情况下，that可以与who whom以及位置可以相互替换。	首先，that这个关系代词，在定语从句中，不论是主语、宾语还是表语，它都可以去做，并且在大多数情况下，that可以与who whom以及which可以相互替换。	「位置」是 which 听错了
219	0007_d8ade5_0075	比如说下面这个定语重句中的in which就没有办法被替换成in that,因为that不能和介词一起被放在定语重剧的句首。	比如说下面这个定语从句中的in which就没有办法被替换成in that,因为in that不能和介词一起被放在定语从句的句首。	「定语重句 / 重剧」→「定语从句」；母本是「因为in that不能」
223	0007_d8ade5_0079	因为有and连接，所以它们被看作为一个整体。既然在这个行词里面既有人people又物things,	因为有and连接，所以它们被看作为一个整体。既然在这个先行词里面既有人people又有物things,	「行词」→「先行词」；少了「有」
268	0007_d8ade5_0124	如果说关系代词that在定语层中要去做表语的话，那么整个句子经常会表达出这样的意思。	如果说关系代词that在定语从句中要去做表语的话，那么整个句子经常会表达出这样的意思。	「定语层」→「定语从句」
344	05_27d31c_0053	在这个过程中，我们什么都没干，只是把关系副词when换成envig。	在这个过程中，我们什么都没干，只是把关系副词when换成了in which。	「envig」是 in which 听错了
401	05_27d31c_0110	再比如说我们平时提到的VR也属于抽象地点的代名词，说到VR我就想起一部很经典的定语，叫做头号玩家。	再比如说我们平时提到的VR也属于抽象地点的代名词，说到VR我就想起一部很经典的电影，叫做头号玩家。	「定语」是「电影」听错了（头号玩家是电影）
402	05_27d31c_0111	在这个定语里面就展示了VR带给人们的虚拟世界。人们可以在这个VR的世界里面做很多他们喜欢的事情，真实感非常强烈。	在这个电影里面就展示了VR带给人们的虚拟世界。人们可以在这个VR的世界里面做很多他们喜欢的事情，真实感非常强烈。	「定语」是「电影」听错了
404	05_27d31c_0113	讲真的，这部定语真的非常好看，大家如果感兴趣的话可以自己去看一下。	讲真的，这部电影真的非常好看，大家如果感兴趣的话可以自己去看一下。	「定语」是「电影」听错了
465	05_27d31c_0174	但是如果行词不是物而是人的话，那能够和介词一起提前到定语从句最前端的关系代词就只有whom,这也是关系代词whom存在的主要意义。	但是如果先行词不是物而是人的话，那能够和介词一起提前到定语从句最前端的关系代词就只有whom,这也是关系代词whom存在的主要意义。	「行词」→「先行词」
509	22222222222_56d51b_0041	状语从句就像它的名字一样，就是在句子中去做状语。	那状语从句就像它的名字一样，就是在句子中去做状语。	按母本：句首有「那」
581	9999999_6d5824_0032	EnableCode在这里所起到的作用就是做定语来修饰boy这个名词。	in a blue coat在这里所起到的作用就是做定语来修饰boy这个名词。	「EnableCode」是 in a blue coat 听错了
628	9999999_6d5824_0079	既然有that boy这个行词，那把这个句子变成从句的过程就达到了最关键的一步。	既然有that boy这个先行词，那把这个句子变成从句的过程就达到了最关键的一步。	「行词」→「先行词」
635	9999999_6d5824_0086	然后我们想要的定语从句就出现了，那就是who is talking,这个定语从句所对应的意思就是正在说话的，它的作用就是要修饰和限定行词that boy。	然后我们想要的定语从句就出现了，那就是who is talking,这个定语从句所对应的意思就是正在说话的，它的作用就是要修饰和限定先行词that boy。	「行词」→「先行词」
652	and-revised_db6f95_0009	然后我们只需要用&去连接这两个句子中的apples和bread。	然后我们只需要用and去连接这两个句子中的apples和bread。	「&」就是 and，写成英文单词
655	and-revised_db6f95_0012	我们把句子前后重复的成分合并成一个之后，那这个句子就变成了这包的Apple Sand Bread。	我们把句子前后重复的成分合并成一个之后，那这个句子就变成了She bought apples and bread。	「这包的Apple Sand Bread」是 She bought apples and bread 听错了
661	and-revised_db6f95_0018	将相同对象的句子成分合编在一起，把不同对象的句子成分用&连接起来，然后就出现了一个新的句子。	将相同对象的句子成分合并在一起，把不同对象的句子成分用and连接起来，然后就出现了一个新的句子。	「合编」是「合并」听错了；「&」就是 and，写成英文单词
673	and-revised_db6f95_0030	会想得非常不自然。	会显得非常不自然。	「想得」是「显得」听错了（第709行也是「会显得非常不自然」）
703	and-revised_db6f95_0060	这也是为什么这几个句子里面的谓语用的都是系动词r而不是a字。	这也是为什么这几个句子里面的谓语用的都是系动词are而不是is。	「r」是 are，「a字」是 is
721	binglieju_b84f44_0009	因为连词前后必须要连接句子，这是构成并列句子的硬性标准。例如这个句子是 about apple, and is about bread.	因为连词前后必须要连接句子，这是构成并列句的硬性标准。例如这个句子she bought apples and she bought bread.	英文例句听错了：she bought apples and she bought bread；「并列句子」→「并列句」
759	guanxifuci_5c1a5c_0005	包括下面这两个句子中的nlbluecode和varying sunglasses都可以转换成定语从旧的形式。	包括下面这两个句子中的in a blue coat和wearing sunglasses都可以转换成定语从句的形式。	「nlbluecode」是 in a blue coat，「varying」是 wearing，「从旧」→「从句」
789	level_2_2beceb_0012	户在从语中，能够做的句子成分主要有两个，主语和宾语。	who在从句中，能够做的句子成分主要有两个，主语和宾语。	「户」是 who；「从语」→「从句」
802	level_2_2beceb_0025	虽然说我们只需要去掉这个形容词，我很喜欢的就可以得到这个句子的主句。	所以说我们只需要去掉这个形容词，我很喜欢的就可以得到这个句子的主句。	「虽然说」→「所以说」（按母本，意思才通）
820	level_2_2beceb_0043	他所修饰和限定的对象就是篮球运动员。所以说篮球运动员就是我们要找的那个行词。	他所修饰和限定的对象就是篮球运动员。所以说篮球运动员就是我们要找的那个先行词。	「行词」→「先行词」
836	level_2_2beceb_0059	因为户和户母这两个关系代词的属性都是定语从句移音到词。	因为who和whom这两个关系代词的属性都是定语从句引导词。	「户和户母」是 who 和 whom；「移音到词」→「引导词」
846	level_2_2beceb_0069	就比如说在这个定语从句中，who或者whom他们的作用就是代替行词the basketball player。	就比如说在这个定语从句中，who或者whom他们的作用就是代替先行词the basketball player。	「行词」→「先行词」
847	level_2_2beceb_0070	所以说我们可以先把who或者whom还原成行词the basketball player,然后我们就能够轻易地找出行词the basketball player在句子中所在的位置。	所以说我们可以先把who或者whom还原成先行词the basketball player,然后我们就能够轻易地找出先行词the basketball player在句子中所在的位置。	「行词」→「先行词」（两处）
849	level_2_2beceb_0072	因为毕竟关于代词所起到的作用就是先行词的提升。	因为毕竟关系代词所起到的作用就是先行词的替身。	「关于代词」是「关系代词」听错了；「提升」是「替身」听错了（第444、449行都说关系代词是先行词的「替身」）
853	level_2_2beceb_0076	而在这个定语程序中，户或户母所做的句子成分就是宾语。	而在这个定语从句中，who或whom所做的句子成分就是宾语。	「定语程序」→「定语从句」；「户或户母」是 who 或 whom
903	level_2_2beceb_0126	起到和极无动词差不多的作用。比如说这个例子，Jason Levinson,osmocity	起到和及物动词差不多的作用。比如说这个例句，Jason lives in a small city	「极无动词」→「及物动词」；「例子」→「例句」；英文是 Jason lives in a small city
914	level_2_2beceb_0137	以上这些就是介词的主要作用和性质。	好，以上这些就是介词的主要作用和性质。	按母本：句首有「好，」
923	liancihebingyuanli_2a7cf0_0007	所以说，如果我们把句子成分比喻成火车车厢的话，那么锁链就相当于是链磁，可以把相同作用的句子成分连接成一个整体，比如说这个句子按E10 Apple,	所以说，如果我们把句子成分比喻成火车车厢的话，那么锁链就相当于是连词，可以把相同作用的句子成分连接成一个整体，比如说这个句子按E10 Apple,	「链磁」是「连词」听错了
932	nor_7fe8e1_0003	例如这个句子，neither students nor the teacher is aware of this movie,意思就是不论学生还是老师都不知道这部定语。	例如这个句子，neither students nor the teacher is aware of this movie,意思就是不论学生还是老师都不知道这部电影。	「定语」是「电影」听错了
935	nor_7fe8e1_0006	那undernaut这个结构除了能够连接主义以外，还可以连接谓语和其他的句子成分。但是只要是用这个结构连接词，那么基本上就得同时否定两个对象。	neither nor这个结构除了能够连接主语以外，还可以连接谓语和其他的句子成分。但是只要是用这个结构连词，那么基本上就得同时否定两个对象。	「undernaut」是 neither nor；「主义」→「主语」；「连接词」→「连词」
955	or-revised_fa8bba_0000	all的第一个作用就是进行选择，就像我们要去做一个选择题，有两个选项，A选项和B选项，而我们需要在这两个选项里面做出一个选择，选择一个我们认为正确的选项。	or的第一个作用就是进行选择，就像我们要去做一个选择题，有两个选项，A选项和B选项，而我们需要在这两个选项里面做出一个选择，选择一个我们认为正确的选项。	「all」是 or 听错了（这一节讲 or）
