第几条	行号	id	查找	替换成
1	38	0006_9498bb_0037	重的类人	重的那类人
2	173	0007_d8ade5_0029	只把位置提前	只把which提前
3	210	0007_d8ade5_0066	是限定性定语从句和非限定性定语从句的主要区别。	是限定性定语从句和非限定定语从句的主要区别。
4	212	0007_d8ade5_0068	以及位置可以	以及which可以
5	219	0007_d8ade5_0075	个定语重句中的	个定语从句中的
6	219	0007_d8ade5_0075	,因为that	,因为in that
7	219	0007_d8ade5_0075	在定语重剧的句首	在定语从句的句首
8	223	0007_d8ade5_0079	在这个行词里	在这个先行词里
9	223	0007_d8ade5_0079	people又物things	people又有物things
10	268	0007_d8ade5_0124	定语层中要	定语从句中要
11	344	05_27d31c_0053	换成envig。	换成了in which。
12	401	05_27d31c_0110	典的定语，叫	典的电影，叫
13	402	05_27d31c_0111	这个定语里面	这个电影里面
14	404	05_27d31c_0113	这部定语真的	这部电影真的
15	465	05_27d31c_0174	如果行词	如果先行词
16	509	22222222222_56d51b_0041	状语从句就像	那状语从句就像
17	581	9999999_6d5824_0032	EnableCode在这	in a blue coat在这
18	628	9999999_6d5824_0079	boy这个行词，	boy这个先行词，
19	635	9999999_6d5824_0086	限定行词	限定先行词
20	652	and-revised_db6f95_0009	要用&去连	要用and去连
21	655	and-revised_db6f95_0012	成了这包的Apple Sand Bread	成了She bought apples and bread
22	661	and-revised_db6f95_0018	分合编在一	分合并在一
23	661	and-revised_db6f95_0018	分用&连接	分用and连接
24	673	and-revised_db6f95_0030	会想得非	会显得非
25	703	and-revised_db6f95_0060	动词r而不是a字。	动词are而不是is。
26	721	binglieju_b84f44_0009	并列句子的硬性	并列句的硬性
27	721	binglieju_b84f44_0009	个句子是 about apple, and is about bread	个句子she bought apples and she bought bread
28	759	guanxifuci_5c1a5c_0005	中的nlbluecode和varying	中的in a blue coat和wearing
29	759	guanxifuci_5c1a5c_0005	语从旧的形	语从句的形
30	789	level_2_2beceb_0012	户在从语中，	who在从句中，
31	802	level_2_2beceb_0025	虽然说我	所以说我
32	820	level_2_2beceb_0043	那个行词	那个先行词
33	836	level_2_2beceb_0059	因为户和户母这两	因为who和whom这两
34	836	level_2_2beceb_0059	从句移音到词。	从句引导词。
35	846	level_2_2beceb_0069	代替行词	代替先行词
36	847	level_2_2beceb_0070	原成行词	原成先行词
37	847	level_2_2beceb_0070	找出行词	找出先行词
38	849	level_2_2beceb_0072	竟关于代词	竟关系代词
39	849	level_2_2beceb_0072	词的提升。	词的替身。
40	853	level_2_2beceb_0076	定语程序中，户或户母所做	定语从句中，who或whom所做
41	903	level_2_2beceb_0126	到和极无动词	到和及物动词
42	903	level_2_2beceb_0126	个例子，Jason Levinson,osmocity	个例句，Jason lives in a small city
43	914	level_2_2beceb_0137	以上这些就是介	好，以上这些就是介
44	923	liancihebingyuanli_2a7cf0_0007	于是链磁，可	于是连词，可
45	932	nor_7fe8e1_0003	这部定语。	这部电影。
46	935	nor_7fe8e1_0006	那undernaut这个	neither nor这个
47	935	nor_7fe8e1_0006	接主义以外	接主语以外
48	935	nor_7fe8e1_0006	构连接词，	构连词，
49	955	or-revised_fa8bba_0000	all的第	or的第
