行号	id	没把握的地方	可能是	原因
101	0006_9498bb_0100	就是that person	就是that person's	上一句刚说 his 的意思是 that person's，这里可能少了 's
157	0007_d8ade5_0013	The game that I play is interesting.	The game they are playing is interesting.	上一句的例句是 The game which they are playing is interesting，省略 which 以后应该只少一个 which；母本里也是 that I play，所以没改
172	0007_d8ade5_0028	造成定语从句	改造成定语从句	别处都说「改造成定语从句」（612、625、631行），可能少了「改」；也可能你就是这么说的
199	0007_d8ade5_0055	who is the doctor	who is a doctor	上下文的例句是 I have a sister who is a doctor（198、213行都是 a doctor）
215	0007_d8ade5_0071	who is the doctor	who is a doctor	同上一条，a 和 the 很容易听混
225	0007_d8ade5_0081	that Frank remember in the school.	that Frank remembers in the school.	母本写的是「Let Frank remember…」，但这里讲的是 that 引导定语从句，识别出来的 that 更像原话；所以这一句没按母本改。remember 后面有没有 s 也请听一下
255	0007_d8ade5_0111	必须使用关系代词的情况	必须使用关系代词that的情况	前后几种情况都说「关系代词that」，可能少了 that；也可能你就是这么说的
275	0007_d8ade5_0131	your dog is not puppy	your dog is not the puppy	同样的句型别处都带 the，可能少了 the
281	0007_d8ade5_0137	They called Jason Hero	They called Jason a hero	原句应该是 They called Jason a hero，可能少了 a
403	05_27d31c_0112	A ready player when we are, where people can do many things, feels quite real.	可能是 In Ready Player One, VR, where people can do many things, feels quite real.	上一句刚说到电影《头号玩家》(Ready Player One) 和 VR；原句看不出来
495	22222222222_56d51b_0027	名词性从句was in the box	名词性从句what was in the box	可能少了 what
583	9999999_6d5824_0034	那个男生Jim	那个男生是Jim	第585行同样的句子是「那个正在说话的男生是Jim」，可能少了「是」
707	and-revised_db6f95_0064	炸薯条就是fish and chips	炸鱼薯条就是fish and chips	fish and chips 是「炸鱼薯条」，可能少了「鱼」；也可能你就是说的「炸薯条」
730	binglieju_b84f44_0018	就指向Johnny is a rich man	就只剩下Johnny is a rich man	第733行同样的讲法是「那就只剩下了…」
772	guanxifuci_5c1a5c_0018	a disliked wish always criticizes me	I dislike the way she always criticizes me	下一句说这个例句来自牛津词典、先行词是 way；牛津词典里正好有这个例句，读音也对得上
923	liancihebingyuanli_2a7cf0_0007	按E10 Apple	可能是 I eat an apple（或 Ann eats an apple）	下一句讲宾语 apple，第925行合并成 an apple and an orange
932	nor_7fe8e1_0003	neither students nor	neither the students nor	第933行说「第一个是the students」，可能少了 the（这一句的「电影」已经改好了）
950	nor_7fe8e1_0021	She never called nor text me.	She neither called nor texted me.	前面说用 neither…nor 这个句式来重写；母本里也是 never…nor，所以没改
967	or-revised_fa8bba_0012	不但使用连词or	不再使用连词or（或：不能 / 不是）	意思是「不用 or，而是继续用 and」，「不但」说不通
975	or-revised_fa8bba_0020	写作业如果不妥协	写作业如果不做 / 不完成	「不妥协」读起来有点怪；也可能就是原话
