行号	原来	改成	原因
92	famous writer?	famous writer.	这里不是问句（是改好的定语从句），问号会让模型学成问句的上扬语调
637	is JimWho is	is Jim。Who is	两个英文单词粘在一起了（Jim 和 Who），中间要断开
647	AND的第二种	and的第二种	全大写的 AND，读音程序会一个字母一个字母地念（A、N、D），和录音里说的 and 对不上
649	AND的第二个	and的第二个	全大写的 AND，读音程序会一个字母一个字母地念（A、N、D），和录音里说的 and 对不上
654	只能用AND来	只能用and来	全大写的 AND，读音程序会一个字母一个字母地念（A、N、D），和录音里说的 and 对不上
656	以上是AND只	以上是and只	全大写的 AND，读音程序会一个字母一个字母地念（A、N、D），和录音里说的 and 对不上
657	如果AND前后	如果and前后	全大写的 AND，读音程序会一个字母一个字母地念（A、N、D），和录音里说的 and 对不上
663	的是，AND在	的是，and在	全大写的 AND，读音程序会一个字母一个字母地念（A、N、D），和录音里说的 and 对不上
664	就是AND最主要	就是and最主要	全大写的 AND，读音程序会一个字母一个字母地念（A、N、D），和录音里说的 and 对不上
664	使用AND的时候	使用and的时候	全大写的 AND，读音程序会一个字母一个字母地念（A、N、D），和录音里说的 and 对不上
670	并且AND的	并且and的	全大写的 AND，读音程序会一个字母一个字母地念（A、N、D），和录音里说的 and 对不上
927	而AND就	而and就	全大写的 AND，读音程序会一个字母一个字母地念（A、N、D），和录音里说的 and 对不上
938	都不想要好。以上	都不想要。好，以上	「好」是下一句开头的口头禅，句号放错了地方
946	text me?	text me.	这里不是问句（是陈述句），问号会让模型学成问句的上扬语调
