行号	没把握的地方	可能是	原因
8	他所带着的信息	他所代替的信息（或：代指的）	「所带着的信息」不太通，第11行说的是「所代替的信息」
101	就是that person	就是that person's	上一句刚说 his 的意思是 that person's
157	The game that I play is interesting.	The game they are playing is interesting.	上一句例句是 The game which they are playing is interesting，省略 which 后应该只少 which
172	造成定语从句	改造成定语从句	别处都说「改造成定语从句」
198	anyone of your family	anyone in your family	标准说法是 anyone in your family；也可能就是这么说的
199	who is the doctor	who is a doctor	上下文的例句是 who is a doctor
215	who is the doctor	who is a doctor	同上
219	因为in that不能	因为that不能	in 本身就是介词，「in that 不能和介词一起放句首」说不通；最初识别出来的也是「因为that不能」（上次是按母本改成 in that 的）
225	that Frank remember in the school.	that Frank remembers in the school.	母本写的是 Let Frank…；remember 后面有没有 s 也请听
255	必须使用关系代词的情况	必须使用关系代词that的情况	前后都说「关系代词that」
275	your dog is not puppy	your dog is not the puppy	可能少了 the
281	They called Jason Hero	They called Jason a hero	可能少了 a
323	这个语句	这个例句	整篇都说「例句」，「语句」只有这一处
403	A ready player when we are, where people can do many things, feels quite real.	可能是 In Ready Player One, VR, where people can do many things, feels quite real.	上一句说到《头号玩家》和 VR；原句看不出来
409	思考的情况，	思考的情况下，	「在……的情况下」可能漏了「下」
424	虽然说很明显	所以说很明显	「虽然」后面没有「但是」，这里是在下结论
429	He主语	He是主语	可能少了「是」
495	名词性从句was in the box	名词性从句what was in the box	可能少了 what
530	quiet的构成	quiet所构成	下面几行都说「由……所构成」
560	独立于存在于	独立存在于	多了一个「于」；也可能是说到一半改口
583	那个男生Jim	那个男生是Jim	第585行是「那个正在说话的男生是Jim」
644	翻译并且	翻译为并且	别处都说「翻译为」，可能漏了「为」
707	炸薯条就是fish and chips	炸鱼薯条就是fish and chips	fish and chips 是「炸鱼薯条」
730	就指向Johnny is a rich man	就只剩下Johnny is a rich man	第733行同样的讲法是「就只剩下了」
753	but actually Scheming	but is actually scheming	合并时只去掉重复的 she，is 应该留下
772	a disliked wish always criticizes me	I dislike the way she always criticizes me	牛津词典的例句，读音也对得上
932	neither students nor	neither the students nor	第933行说「第一个是the students」
950	She never called nor text me.	She neither called nor texted me.	前面说用 neither…nor 来重写
956	or被翻译或者还是	or被翻译为或者还是	可能漏了「为」（第962、963行都说「翻译为」）
967	不但使用连词or	不再使用连词or（或：不能 / 不是）	意思是不用 or、继续用 and，「不但」说不通
975	写作业如果不妥协	写作业如果不做 / 不完成	「不妥协」有点怪；也可能就是原话
